region_name;full_description_for_ml;tags
Республика Карелия;"Республика Карелия;Республика Карелия (Северный экономический район, центр — Петрозаводск). Площадь 180 520 км², население 609 071 человек. Расположена на северо-западе России, граничит с Финляндией, Архангельской, Вологодской, Ленинградской и Мурманской областями. Имеет выход к Белому морю и Северному ледовитому океану. Визитная карточка: край тысяч озёр, белых ночей, древних петроглифов и мраморных каньонов. Славится тайгой, Ладожским и Онежским озёрами (крупнейшие в Европе), реками Суна, Выг, Кемь. Бренды: Кижи (ЮНЕСКО, деревянное зодчество без гвоздей, Преображенская церковь), Валаам (монастырь), Рускеала (горный парк, мраморный каньон, Рускеальский экспресс), Калевала (эпос), Петроглифы. Этнос: карелы, вепсы, финны, поморы. Культурное наследие: Кижский погост, соловецкие лабиринты, архитектура Заонежья. Природа: морены, сельги, водопад Кивач, гора Воттоваара (сейды), Ладожские шхеры, вулкан Гирвас, национальные парки Паанаярви, Водлозерский, Калевальский. Климат: переходный от морского к континентальному, влажный, мягкая зима и прохладное лето (средняя темп. июля +17°C). Гастрономия: калитки (пирожки), лохикейто (суп из лосося), морошка, черника, брусника, карельский бальзам, ряпушка, сиг, палия. Инфраструктура: трасса Р-21 «Кола», ж/д Москва-Мурманск, аэропорт Петрозаводск. Петрозаводск: набережная Онежского озера, памятник Петру I, музей Полярный Одиссей, собор Александра Невского, площадь Ленина, проспект Карла Маркса, Старый город. Ключевые слова: Карелия, Петрозаводск, Кижи, Валаам, Рускеала, Воттоваара, Ладога, Онега, Белое море, петроглифы, калитки, лохикейто, Кивач, шхеры, Калевала.;Заповедники; Музеи; Летний отдых; Горнолыжные курорты; Храмы и крепости";"Самый посещаемый; Летний отдых; Зимний отдых; Море; Реки и озера; Леса; Горы; Водопады; Храмы и крепости; Заповедники; Музеи; Острова; Природные локации"
Республика Саха (Якутия);"Республика Саха (Якутия);Республика Саха (Якутия). Крупнейший субъект РФ (3 083 523 км², 1/5 территории страны). Расположена на северо-востоке Сибири, более 40% территории за Полярным кругом. Омывается морями Лаптевых и Восточно-Сибирским, Северным Ледовитым океаном. Граничит с Красноярским краем, Иркутской, Амурской, Магаданской областями, Забайкальским, Хабаровским краями и Чукоткой. Столица — Якутск. Визитная карточка: Земля Олонхо, алмазов и полюса холода. Чем знаменита: Ленские столбы (ЮНЕСКО), Полюс холода (Оймякон, Верхоянск), добыча 25% мировых алмазов, вечная мерзлота, мамонтовая фауна. Бренды: «Ленские столбы», «Оймякон», «Алмазы Якутии», «Ысыах», «Якутские бриллианты». Этнос: якуты (саха), эвены, эвенки, долганы, юкагиры, русские; эпос Олонхо, танец осуохай, хомус. Природа: реки Лена, Яна, Индигирка, Колыма; горы Кисилях (священные горы), Булуус (ледник, не тающий летом), Тукуланы (якутские пустыни), Берег скелетов, Синские столбы, гора Мус-Хая. Животные: белые медведи, овцебыки, дикие северные олени, стерхи. Климат: резко континентальный, экстремальный. Температурные рекорды до -71,2°C в Оймяконе. Лето короткое и жаркое (до +40°C). Достопримечательности: Музей мамонта, Царство вечной мерзлоты, Старый город в Якутске, комплекс «Дружба» в Соттинцах, алмазный карьер «Мир» в Мирном, зоопарк «Орто-Дойду». Гастрономия: строганина (нельма, чир, муксун), кумыс, жеребятина, ойогос (конина), саламат, якутские лепешки, десерт кёрчех, ягоды брусника и морошка. Инфраструктура: АЯМ (Нижний Бестях), трассы «Колыма», «Вилюй», «Лена», зимники «Яна» и «Индигирь», речные круизы по Лене. Ключевые слова: Якутия, Саха, Якутск, Ленские столбы, Оймякон, алмазы, мамонт, вечная мерзлота, Олонхо, строганина, Полюс холода, Мирный, Лена, зимник.;Заповедники; Музеи; Летний отдых; Храмы и крепости";"Зимний отдых; Море; Реки и озера; Леса; Горы; Крайние точки; Заповедники; Музеи; Природные источники; Природные локации"
Московская область;"Московская область (Подмосковье) (тип: область, Центральный федеральный округ, Центральный экономический район, центр — Москва/Красногорск). Площадь 44 329 км², население около 8,66 млн человек. Расположена в центре европейской части России, в бассейнах Волги, Оки и Москвы-реки. Визитная карточка: Душа России и ""жемчужное ожерелье"" столицы: от величавых стен Троице-Сергиевой лавры и нежной коломенской пастилы до животворных истоков Москвы-реки и авангардных парков. Чем знаменита: Троице-Сергиева лавра (ЮНЕСКО), древние города (Коломна, Серпухов, Дмитров), родина народных промыслов (Гжель, Жостово, Павловский Посад). Главные бренды: «Гжель», «Жостовская роспись», «Павловопосадский платок», «Дулёвский фарфор», «Коломенская пастила», «Богородская игрушка». Природа: Смоленско-Московская возвышенность, леса (почти 50% территории), реки Москва и Ока, более 2000 озёр (Сенежское, Святое), Приокско-Террасный биосферный заповедник (зубры). Достопримечательности: Коломенский кремль, Бородинское поле, усадьба Архангельское, Новоиерусалимский монастырь, Главный храм Вооружённых Сил в парке «Патриот». Гастрономия: коломенская пастила и калач (с тушеным гусем), серпуховская помадка, зарайская коврижка, крафтовые сыры Подмосковья, медовуха, сбитень. Туризм: культурно-познавательный, паломнический, военно-исторический, экологический и оздоровительный. Инфраструктура: 4 международных аэропорта (Шереметьево, Домодедово, Внуково, Жуковский), густая сеть ж/д и федеральных трасс, свыше 1400 отелей.";"Самый посещаемый; Летний отдых; Зимний отдых; Реки и озера; Леса; Храмы и крепости; Заповедники; Музеи; Древние города; Место боевой славы; Парки; Санатории; Природные локации"
Калининградская область;"Калининградская область;Калининградская область (самый западный регион России, анклав). Экономический район: Калининградский. Административный центр — Калининград (бывший Кёнигсберг). Площадь: 15 125 км². Население: 1 029 966 человек. География: берег Балтийского моря, Калининградский и Куршский заливы. Граничит с Польшей и Литвой. Часовой пояс: MSK-1 (UTC+2). Визитная карточка: Янтарный край, Куршская коса и наследие Кёнигсберга. Чем знаменита: 90% мировых запасов янтаря, белые ночи, Балтийское море, пляжи. Бренды: «Куршская коса», «Янтарь», «Кёнигсберг», «Марципан», «Виштынец». Культурное наследие: Куршская коса (ЮНЕСКО), Музей Мирового океана, замок Шаакен, остров Канта, замок Вальдау. Природа: национальный парк «Куршская коса», Танцующий лес, высота Эфа, дюны, Виштынецкое озеро (Европейский Байкал), Роминтенская пуща. Климат: переходный от морского к умеренно-континентальному, мягкая зима (+1°C) и умеренно теплое лето (+18-20°C). Достопримечательности: Кафедральный собор (могила Канта, органные концерты), Рыбная деревня, Маяк, Музей янтаря (башня Дона), Форт №11 Дёнхофф (кролики, казематы), Форт №5, район Амалиенау (виллы модерна), Кирха Арнау (фрески XIV века), Кирха Святого Семейства, Зеленоградск (город кошек), Светлогорск (Раушен). Флот: Набережная Петра Великого, подлодка Б-413, судно «Витязь». Гастрономия: кенигсбергские клопсы, копченый угорь, литовский борщ, кенигсбергский марципан, строганина из пеламиды, оленина, облепиховый чай. Инфраструктура: аэропорт Храброво, порт Балтийск, морские паромы, развитая сеть автобусов. Ключевые слова: Калининград, Кёнигсберг, янтарь, Куршская коса, Балтийское море, Кант, марципан, форты, Зеленоградск, Светлогорск, клопсы, Амалиенау.;Заповедники; Музеи; Летний отдых; Храмы и крепости";"Самый посещаемый; Летний отдых; Море; Пляжный отдых; Реки и озера; Леса; Храмы и крепости; Заповедники; Музеи; Древние города; Место боевой славы; Парки; Санатории; Природные локации"
Камчатский край;"Камчатский край;Камчатский край (полуостров на северо-востоке России, включает Командорские и Карагинский острова). Дальневосточный экономический район. Столица — Петропавловск-Камчатский. Площадь: 464 300 км². Население: 288 000 человек (2025 г.). Омывается Охотским и Беринговым морями, Тихим океаном. Граничит с Магаданской областью и Чукоткой. Часовой пояс: MSK+9 (UTC+12). Визитная карточка: Страна огнедышащих вулканов и гейзеров. Чем знаменит: вулканы (30 действующих, 300 потухших), Долина гейзеров (ЮНЕСКО), крупнейшая популяция бурого медведя, нерест лосося, сёрфинг на Тихом океане. Бренды: Ключевская сопка (самый высокий активный вулкан Евразии), Долина гейзеров, Курильское озеро, Авачинская бухта, Халактырский пляж (черный вулканический песок). Природа: вулканы Толбачик, Мутновский, Горелый, Вилючинский; кальдера вулкана Узон, Долина Смерти, остров Старичков, Малкинские горячие источники, Командорские острова (киты, сивучи). Этнос: коряки, ительмены, эвены, алеуты; праздник «Алхалалалай», гонки на собачьих упряжках «Берингия». Климат: суровый, морской муссонный на побережье, резко континентальный в центре. Зима снежная и длинная, лето прохладное (+13-15°C). Достопримечательности: Музей вулканологии (Вулканариум), памятники Берингу и Лаперузу, этно-музей в с. Эссо, петроглифы Коваволя. Гастрономия: камчатский краб, икра лососёвых (нерка, кижуч, чавыча), уха из чавычи, кундюм, юкола, папоротник-орляк, кедровый стланик, ягоды (шикша, жимолость). Инфраструктура: аэропорт Елизово, морской порт, вертолётные экскурсии, вахтовки и вездеходы. Ключевые слова: Камчатка, Петропавловск-Камчатский, Ключевская сопка, Долина гейзеров, Халактырский пляж, краб, медведь, гейзер, вулкан, Тихий океан, Авачинская бухта, Берингия.;Заповедники; Музеи; Летний отдых; Храмы и крепости";"Летний отдых; Зимний отдых; Море; Пляжный отдых; Реки и озера; Горы; Вулканы; Водопады; Крайние точки; Заповедники; Музеи; Природные источники; Острова; Природные локации"
Приморский край;"Приморский край;Приморский край (Приморье). Дальневосточный экономический район, центр — Владивосток. Площадь 164 673 км², население 1 820 076 чел. (2025 г.). Юго-восток России, омывается Японским морем и Тихим океаном. Граничит с Хабаровским краем, Китаем (КНР) и Северной Кореей (КНДР). Визитная карточка: край, где тайга встречается с океаном. Чем знаменит: Владивосток (конечная точка Транссиба), Русский мост, Золотой мост, Дальневосточный морской заповедник, леопарды и тигры. Бренды: Владивосток, Русский мост, Золотой мост, Маяк Токаревского, Земля леопарда, Остров Русский, Токаревская кошка, Фуругельма, Хасан, Сихотэ-Алинь. Этнос: удэгейцы, нанайцы, тазы; легенды о Дерсу Узала. Природа: заповедники Сихотэ-Алинский (ЮНЕСКО), Лазовский, Кедровая падь, Уссурийский; нацпарки Земля леопарда, Зов тигра, Бикин. Рельеф: горы Сихотэ-Алинь, вершины Пидан (Ливадийская), Фалаза, Облачная, Ольховая, хребет Чандалаз. Водопады: Кравцовские, Еломовские. Острова: Русский, Попова, Рейнеке, Путятина, Аскольд, Фуругельма, Петрова. Бухты: Золотой Рог, Лазурная (Шамора), Триозёрье, Ливадия, Стеклянная. Климат: умеренный муссонный, влажное лето (+20-25°C), сухая солнечная зима (-10-15°C). Достопримечательности: Приморский океанариум, фуникулер, Форты Владивостокской крепости, С-56, набережная Цесаревича, Миллионка. Гастрономия: камчатский краб, приморский гребешок, трепанг, мидии, устрицы, пян-се, шоколад с морской солью и ламинарией, конфеты Приморские (Птичье молоко), кедровые орехи, лимонник. Инфраструктура: Транссибирская магистраль, порт Владивосток, аэропорт Кневичи, трасса А-370 «Уссури». Маршруты: «Приморский Барс», морские прогулки к мысу Гамова, скала Пьющий дракон, остров Аскольд. Ключевые слова: Приморье, Владивосток, Русский мост, Золотой мост, маяк Токаревского, остров Русский, амурский тигр, леопард, краб, гребешок, Пидан, Шамора, Миллионка.;Заповедники; Музеи; Летний отдых; Храмы и крепости";"Самый посещаемый; Летний отдых; Море; Пляжный отдых; Острова; Реки и озера; Леса; Горы; Водопады; Заповедники; Музеи; Место боевой славы; Парки; Природные локации"
Амурская область;"Амурская область;Амурская область (Приамурье). Дальневосточный экономический район, центр — Благовещенск. Площадь 361 908 км², население 756 198 чел. (2025 г.). Расположена на юго-востоке России, граничит с Якутией, Хабаровским краем, Еврейской АО, Забайкальем и Китаем (граница по реке Амур). Часовой пояс MSK+6. Визитная карточка: Ворота в космос и место встречи России с Китаем. Чем знаменит: космодром Восточный, приграничный статус (Благовещенск — Хэйхэ), Горящие горы, кладбище динозавров в Кундуре, золотодобыча (2-е место в РФ), ГЭС (Зейская, Бурейская, Нижне-Бурейская). Бренды: «Космодром Восточный», «Горящие горы», «Динозавры Кундура», «Канатная дорога через Амур», «Албазинская крепость», «Амурские лотосы». Культурное наследие: Албазинский острог (первое поселение русских на Амуре), Триумфальная арка в Благовещенске, краеведческий музей Новикова-Даурского. Природа: Зейский и Хинганский заповедники, Муравьевский парк (журавли), памятник природы «Горящие горы» (самовозгорание углей), лотосовые озера, Зейское и Бурейское водохранилища. Животные: японский и даурский журавли, дальневосточный аист, изюбрь, косуля. Климат: резко континентальный с чертами муссонного, холодная сухая зима (-24-28°C), жаркое лето (+20-22°C). Достопримечательности: набережная Амура в Благовещенске (вид на Китай), космодром Восточный (наукоград Циолковский), палеонтологический музей (кости динозавров Olorotitan arharensis), Эвенкийская деревня. Гастрономия: китайская кухня в Благовещенске (чисанчи, гобаожоу), амурский мед (липовый, гречишный), кедровые орехи, строганина из оленины, дикоросы (жимолость, лимонник). Инфраструктура: Транссиб, БАМ, АЯМ, трасса Р-297 «Амур», мост Благовещенск — Хэйхэ, канатная дорога (строится), суда на воздушной подушке «Пума». Ключевые слова: Амурская область, Благовещенск, космодром Восточный, Хэйхэ, Амур, динозавры, Кундур, лотосы, Зейская ГЭС, Албазино, канатная дорога, Китай.;Заповедники; Музеи; Летний отдых; Храмы и крепости";"Реки и озера; Леса; Заповедники; Музеи; Древние города; Природные локации"
Сахалинская область;"Сахалинская область;Сахалинская область (единственный островной регион России). Дальневосточный экономический район. Центр — Южно-Сахалинск. Состоит из острова Сахалин и Курильского архипелага. Площадь: 87 101 км² (Сахалин) + 10,5 тыс. км² (Курилы). Население: 460 535 чел. (2024 г.). Омывается Охотским и Японским морями, Тихим океаном. Ближайший сосед — Япония (Хоккайдо). Часовой пояс: MSK+8. Визитная карточка: Островная Россия на стыке миров. Чем знаменит: вулканы Курил (Тятя, Баранского), морепродукты, японское наследие (карафуто), нефть и газ (шельф), Чехов на Сахалине. Бренды: «Маяк Анива», «Горный воздух», «Курилы», «Итуруп», «Кунашир», «Шикотан», «Монерон», «Чёртов мост», «Птичье озеро». Природа: мысы Анива, Великан, Крильон; скалы Три брата, бухта Тихая, остров Монерон (морской заповедник, прозрачная вода), горячие источники (Дагинские, Синегорские), бамбучник. Этнос: нивхи, ульта (ороки); традиции юколы. История: наследие периода Карафуто (краеведческий музей), каторжное прошлое (А.П. Чехов). Климат: умеренный муссонный, высокая влажность, частые туманы, снежные зимы. Лето прохладное (+17-19°C). Достопримечательности: СТК «Горный воздух», музей книги Чехова «Остров Сахалин», маяк Анива (самый красивый в мире), Чёртов и Ведьмин мосты (уникальные ж/д тоннели), Белые скалы на Итурупе, мыс Столбчатый (базальты). Инфраструктура: паромная переправа Ванино — Холмск, аэропорт Южно-Сахалинск, «Чеховский поезд», туристические поезда к Чёртову мосту, круизное сообщение с Курилами. Гастрономия: сахалинский краб, трубач, гребешок, креветка (чилим), корюшка (зубатка), папоротник-орляк, лопух, черемша, клоповка (ягода), пян-се, суп из рыбы (ныйвух). Ключевые слова: Сахалин, Южно-Сахалинск, Курилы, Анива, Итуруп, Кунашир, Горный воздух, краб, гребешок, вулкан, Карафуто, Монерон, Чехов.;Заповедники; Музеи; Летний отдых; Храмы и крепости";"Летний отдых; Зимний отдых; Море; Острова; Реки и озера; Горы; Вулканы; Горнолыжные курорты; Заповедники; Музеи; Природные источники; Природные локации"
Республика Татарстан;"Республика Татарстан;Республика Татарстан. Поволжский и Приволжский экономический район. Центр — Казань. Площадь 67 836 км², население 4 003 016 человек. Расположена в центре Европейской части России на Восточно-Европейской равнине, в месте слияния Волги и Камы. Часовой пояс: МСК. Визитная карточка: Казанский Кремль. Чем знаменит: Казанский Кремль (ЮНЕСКО), Болгар, Остров-град Свияжск, Голубые озера, Юрьевская пещера, нацпарк «Нижняя Кама». Главные бренды: КАМАЗ, Татхимфармпрепараты, Азбука сыра, Ак Барс (хоккей), Рубин (футбол), RAIS (одежда), Your Yool, Buro Banu. Этнос: татары; традиции гостеприимства, Сабантуй. Культурное наследие: Мечеть Кул-Шариф, Благовещенский собор, Башня Сююмбике, Национальный музей РТ, дом купца в Елабуге, Музей естественной истории Татарстана (интерактивные стенды, палеонтология). Природа: равнина, лесостепь, Приволжская и Бугульминско-Белебеевская возвышенности, реки Волга, Кама, Вятка, Белая. Раифский Богородицкий мужской монастырь и Раифское озеро (легенда о неквакающих лягушках), парк и озеро Кабан в Казани (фонтан со сменой режимов). Достопримечательности Казани: улица Баумана, Дворец земледельцев, центр «Эрмитаж-Казань», Музей пушечного двора. Климат: умеренно-континентальный, средняя темп. января -13°C, июля +19-20°C. Инфраструктура: трасса М-7 «Волга», аэропорт Казань, речной порт, Казанское метро. Гастрономия: чак-чак, эчпочмак, кыстыбый, татарский чай, конина, шурпа. Ключевые слова: Татарстан, Казань, Казанский Кремль, Свияжск, Болгар, Кул-Шариф, Кама, Волга, КАМАЗ, Раифа, озеро Кабан, чак-чак, Сююмбике.;Заповедники; Музеи; Летний отдых; Храмы и крепости";"Самый посещаемый; Реки и озера; Храмы и крепости; Заповедники; Музеи; Древние города; Парки; Природные локации"
Хабаровский край;"Хабаровский край;Хабаровский край. Дальневосточный экономический район, центр — Хабаровск. Площадь 787 633 км² (один из крупнейших в РФ), население 1 278 132 чел. (2024 г.). Расположен в центре Дальнего Востока, омывается Охотским и Японским морями, Тихим океаном. Граничит с Якутией, Магаданской, Амурской, Сахалинской (через пролив) областями, Еврейской АО, Приморьем и Китаем. Визитная карточка: Река Амур, киты Шантарских островов и петроглифы Сикачи-Аляна. Чем знаменит: Амур (одна из величайших рек мира), Шантарские острова (наблюдение за гренландскими китами), петроглифы (возраст до 14 000 лет), лотосы Комарова, Амурский утёс. Бренды: «Киты Шантар», «Петроглифы Сикачи-Аляна», «Амурский мост» (изображен на 5000-рублевой купюре), «Холдоми» (горнолыжный комплекс). Этнос: нанайцы, ульчи, нивхи, орочи, удэгейцы, негидальцы, эвенки, эвены; традиции юколы и талы. Природа: хребты Сихотэ-Алинь, Дуссе-Алинь (горный цирк), Джугджур; озеро Амут (прозрачное), река Амур, озеро Болонь. Животные: амурский тигр, гималайский медведь, рыбный филин, дикуша. Климат: муссонный, умеренный. Зима холодная (-22°C), лето жаркое и влажное (+21°C). Достопримечательности: Амурский мост, набережная адмирала Невельского, Хабаровский краевой музей им. Гродекова, Дальневосточный художественный музей, Храм Серафима Саровского (деревянный), Спасо-Преображенский собор (третий по высоте в России), площадь Ленина. Этно-деревни: Сикачи-Алян, Ачан, Булава. Гастрономия: «царская уха» (нерка, кижуч, судак), красная икра, кета, горбуша, камчатский краб, папоротник-орляк, черемша, дикоросы (лимонник, жимолость), кедровые орехи, тала (строганина из рыбы). Инфраструктура: Транссиб, БАМ, порт Ванино, аэропорт Хабаровск (Новый). Ключевые слова: Хабаровский край, Хабаровск, Амур, Шантарские острова, киты, петроглифы, Сикачи-Алян, Амурский мост, Комсомольск-на-Амуре, тигр, Холдоми, лотосы.;Заповедники; Музеи; Летний отдых; Храмы и крепости";"Летний отдых; Море; Острова; Реки и озера; Леса; Горы; Водопады; Заповедники; Музеи; Природные локации"
Чукотский АО;"Чукотский автономный округ (Чукотка);Чукотский автономный округ (Чукотка). Дальневосточный экономический район, центр — Анадырь. Площадь 721 481 км², население 47 778 чел. (2025 г.). Расположен на крайнем северо-востоке России, занимает Чукотский полуостров. Граничит с Якутией, Магаданской областью и Камчаткой. Имеет морскую границу с США. Часовой пояс MSK+9. Визитная карточка: Край, где начинается день. Чем знаменит: остров Врангеля (родильный дом белых медведей, ЮНЕСКО), мыс Дежнёва (самая восточная точка Евразии), Китовая аллея, линия перемены дат (180-й меридиан), добыча золота и олова. Бренды: «Остров Врангеля», «Китовая аллея», «Анадырский лиман», «Берингов пролив». Этнос: чукчи, эскимосы, эвены, кереки, коряки, юкагиры; оленеводство, морской зверобойный промысел. Природа: тундра, арктические пустыни, озеро Эльгыгытгын (кратерное), Анадырская низменность, мыс Наварин. Животные: белые медведи, моржи, киты, овцебыки, северные олени. Климат: субарктический и арктический, суровый. Зима до 10 месяцев, морозы до -60°C, лето короткое (+4-10°C). Достопримечательности: Китовая аллея (остров Итыгран), поселение Наукан (село-призрак), могильник Эквен, Уэлен (центр косторезного искусства), Пегтымельские петроглифы, памятник Семёну Дежнёву, музей «Наследие Чукотки». Гастрономия: мантак (кожа кита с салом), копальхен (традиционное блюдо из моржа/оленя), строганина, юкола, вареники с олениной, чукотский чай (травяной). Инфраструктура: вся территория — погранзона (нужен пропуск ФСБ), транспорт — вертолеты, вездеходы, катера, зимники; аэропорт Угольный. Ключевые слова: Чукотка, Анадырь, остров Врангеля, мыс Дежнёва, белые медведи, морж, кит, Китовая аллея, эскимосы, оленеводство, погранзона, линия перемены дат.;Заповедники; Музеи; Летний отдых; Храмы и крепости";"Море; Острова; Крайние точки; Заповедники; Музеи; Природные локации"
Магаданская область;"Магаданская область;Магаданская область (Колыма). Дальневосточный экономический район, центр — Магадан. Площадь 462 500 км², население 134 544 чел. (2025 г.). Расположена на северо-востоке России, омывается Охотским морем. Граничит с Якутией, Камчаткой, Хабаровским краем и Чукоткой. Часовой пояс MSK+8. Визитная карточка: Золотое сердце Колымы. Чем знаменит: золото (крупнейшие прииски), серебро (лидер в РФ), вечная мерзлота, мамонтёнок Дима, трагедия репрессий (ГУЛАГ), северный незамерзающий порт. Бренды: «Золотая Колыма», «Мамонтёнок Дима», «Маска Скорби», «Охотское море», «Колымская трасса». Этнос: эвены, коряки, ительмены; этнопарк «Дюкча», резьба по кости. Культурное наследие: монумент «Маска Скорби» (Э. Неизвестный), мемориал «Узел памяти». Природа: Охотское море, остров Завьялова (овцебыки, снежные бараны), озеро Джека Лондона, озеро Танцующих Хариусов, полуостров Кони, заповедник «Магаданский», река Колыма, Колымское водохранилище. Животные: медведи, белоплечий орлан, сивучи. Климат: субарктический, суровый. Зима до 8 месяцев, лето короткое и прохладное (+12-16°C). Достопримечательности: Магаданский областной краеведческий музей, естествознанческий музей (мамонтёнок Дима, метеориты), Свято-Троицкий собор, мамонт из металлолома «Время», парк «Маяк», бухта Нагаева, трасса Р-504 «Колыма». Гастрономия: камчатский краб, красная икра, палтус, трубач (моллюск), оленина (строганина, соус из ягод), юкола, дикоросы (морошка, жимолость, шикша), завьяловские грибы. Инфраструктура: аэропорт имени В. Высоцкого (Сокол), Колымская трасса, морской порт Магадан. Ключевые слова: Магадан, Колыма, золото, мамонт, Охотское море, Маска Скорби, бухта Нагаева, Джека Лондона, краб, трубач, оленина, вечная мерзлота.;Заповедники; Музеи; Летний отдых; Храмы и крепости";"Море; Реки и озера; Горы; Крайние точки; Заповедники; Музеи; Место боевой славы; Природные локации"
Забайкальский край;"Забайкальский край;Забайкальский край (Забайкалье). Дальневосточный экономический район, центр — Чита. Площадь 431 892 км², население 984 395 чел. (2025 г.). Расположен на юго-востоке Сибири, граничит с Амурской, Иркутской областями, Бурятией, Якутией, а также с Китаем и Монголией. Часовой пояс MSK+6. Визитная карточка: Земля за Байкалом, где степи встречаются с горами и пустыней. Чем знаменит: Чарские пески (пустыня в тайге), Кодарские ледники, гора Палласа (мировой водораздел трех бассейнов), буддийские дацаны, наследие декабристов, манул, цветение багульника. Бренды: «Чарские пески», «Алханай», «Кодар», «Агинский дацан», «Бутинский дворец», «Даурия» (ЮНЕСКО). Этнос: буряты, эвенки, семейские (старообрядцы). Культурное наследие: Агинский дацан, Читинский дацан, церковь Декабристов (Чита), Бутинский дворец (Нерчинск, уникальные зеркала). Природа: горы Кодар (Пик БАМ), Чарская котловина, национальный парк «Алханай» (целевые источники, ворота Храм-Ворота), заповедник Даурский (Торейские озера, антилопы-дзерены), гора Арача, Смоленские скалы, Кадалинские дворцы. Климат: резко континентальный, суровый. Зима солнечная, малоснежная (-25-30°C), лето жаркое (+20-25°C). Достопримечательности: «Кресло Чингисхана» (гора Кресловая), Титовская сопка, музей Декабристов, Мемориал боевой и трудовой славы забайкальцев. Гастрономия: буузы (позы), бухлёр, боовы, забайкальские грузди, кедровые орехи, папоротник-орляк, дикое мясо (изюбрь), мед. Инфраструктура: Транссиб, БАМ, федеральная трасса Р-297 «Амур» и «Байкал», аэропорт Кадала. Ключевые слова: Забайкалье, Чита, Чарские пески, Кодар, Алханай, дацан, манул, декабристы, багульник, буузы, Нерчинск, гора Палласа.;Заповедники; Музеи; Летний отдых; Храмы и крепости";"Зимний отдых; Реки и озера; Горы; Степи; Заповедники; Музеи; Природные источники; Природные локации"
Ленинградская область;"Ленинградская область;Ленинградская область. Северо-Западный экономический район, центр — Гатчина. Площадь 83 908 км², население 2 059 479 человек. Расположена на северо-западе европейской части России. Граничит с Карелией, Вологодской, Псковской, Новгородской областями, Санкт-Петербургом, а также с Финляндией и Эстонией. Часовой пояс MSK (UTC+3). Визитная карточка: Край суровой северной красоты, древних крепостей и бескрайних ладожских просторов. Чем знаменит: Ладожское озеро (крупнейшее в Европе), Выборг (единственный средневековый европейский город в РФ), крепости (Орешек, Ивангородская, Копорье), каньоны и пещеры, балтийская корюшка. Бренды: «Выборгский крендель», ООО «Галактика», ПО «Гатчинский Промкомбинат», Гатчинский дворец, Ладожские шхеры. Этнос: ижоры, водь, вепсы, финно-угорские народы; традиции Ингерманландии. Культурное наследие: Старая Ладога (первая столица Руси), Выборгский замок, крепость Орешек (Шлиссельбург), Тихвинский монастырь, Гатчинский и Приоратский дворцы, Рождествено (усадьба Набокова). Природа: Ладожское и Онежское озера, Финский залив, река Нева, Линдуловская роща (лиственницы), Саблинские пещеры (водопады), каньон реки Лава, Ладожские шхеры, Нижне-Свирский заповедник. Климат: переходный от морского к континентальному, влажный. Лето умеренно теплое (+18-20°C), зима умеренно холодная. Достопримечательности: парк Монрепо (Выборг), Музей-панорама «Прорыв», Дорога жизни, парк «Зубровник», Копорская крепость, Ивангородская крепость (вид на Нарву). Гастрономия: корюшка, ладожский сиг и судак, выборгский крендель, северные ягоды (клюква, морошка, черника), калитки (фино-угорские пирожки). Инфраструктура: порт Усть-Луга, трассы «Скандинавия», «Кола», «Нарва», аэропорт Пулково (рядом), скоростные поезда «Ласточка». Ключевые слова: Ленинградская область, Гатчина, Выборг, Ладога, Орешек, Ивангород, корюшка, крендель, Старая Ладога, шхеры, Монрепо, Дорога жизни, Нева.;Заповедники; Музеи; Летний отдых; Храмы и крепости";"Летний отдых; Море; Реки и озера; Леса; Храмы и крепости; Заповедники; Музеи; Древние города; Место боевой славы; Парки; Природные локации"
Иркутская область;"Иркутская область;Иркутская область. Восточно-Сибирский экономический район, центр — Иркутск. Площадь 774 846 км², население 2 322 292 чел. Расположена в центре Восточной Сибири. Часовой пояс MSK+5 (UTC+8). Визитная карточка: Край великого озера Байкал, бескрайней тайги и сибирской мощи. Чем знаменит: озеро Байкал (ЮНЕСКО, чистейшая вода и уникальный лед), остров Ольхон, Кругобайкальская железная дорога (КБЖД), Шаман-скала, баргузинский ветер, Иркутск («Восточный Париж»). Бренды: «Байкал», «Ольхон», «Байкальский лёд», «Байкальский омуль», «Иркутский авиазавод». Этнос: буряты; шаманские и буддийские традиции Прибайкалья, сибирские обряды. Культурное наследие: деревянное зодчество Иркутска (130-й квартал), Спасская церковь, Московские ворота, ледокол «Ангара», музей «Тальцы» (архитектурно-этнографический). Природа: озеро Байкал, остров Ольхон, Прибайкальский нацпарк, Байкало-Ленский заповедник, хребет Хамар-Дабан, Восточный Саян, река Ангара, скала Шаманка (мыс Бурхан). Климат: резко континентальный. Зима морозная и солнечная (-20-25°C), лето теплое (+18-23°C). Особенности: прозрачный байкальский лед в феврале-марте. Достопримечательности: Листвянка (Байкальский музей), КБЖД (тоннели и мосты XIX века), памятник Александру III, нерпинарий, бухта Песчаная. Гастрономия: байкальский омуль (копченый, соленый), буузы (позы), сагудай, сибирская уха, чай с таёжными травами и саган-дайля, кедровые орехи, брусника. Инфраструктура: Транссибирская магистраль, федеральная трасса Р-258 «Байкал», аэропорт Иркутск. Ключевые слова: Иркутская область, Иркутск, Байкал, Ольхон, Шаман-скала, КБЖД, омуль, буузы, Ангара, лед Байкала, Тальцы, Листвянка.;Заповедники; Музеи; Летний отдых; Храмы и крепости";"Самый посещаемый; Летний отдых; Зимний отдых; Реки и озера; Леса; Горы; Острова; Горнолыжные курорты; Заповедники; Музеи; Природные локации"
Еврейская АО;"Еврейская автономная область (ЕАО);Еврейская автономная область (ЕАО). Дальневосточный экономический район, центр — Биробиджан. Площадь 36 271 км², население 144 428 чел. (2025 г.). Расположена на юге Дальнего Востока, граничит с Амурской областью, Хабаровским краем и Китаем (по реке Амур). Часовой пояс MSK+7. Визитная карточка: Единственное в мире еврейское автономное образование за пределами Израиля. Чем знаменит: еврейский колорит в центре тайги, официальный статус языка идиш, термальные источники Кульдура, карстовые пещеры, заповедник «Бастак». Бренды: «Биробиджан», «Кульдур», «Синагога Бейт Менахем», «Шолом-Алейхем». Этнос: евреи (переселенцы 1930-х), русские, корейцы; традиции иудаизма и дальневосточного казачества. Культурное наследие: синагога «Бейт Менахем», Музей иудаики, памятник Шолом-Алейхему, памятник Скрипке, фонтан «Менора», Областная филармония. Природа: заповедник «Бастак» (амурские тигры, лотосы), река Амур, хребет Малый Хинган, карстовые пещеры (Бираканские пещеры: Старый Медведь, Глубокая), озеро Виктория. Животные: амурский тигр, косуля, изюбрь, дальневосточный аист. Климат: муссонный. Зима малоснежная и холодная (-20-25°C), лето жаркое и влажное (+20-22°C). Достопримечательности: набережная Биробиджана, Благовещенский собор, горнолыжный комплекс «Фома», вокзал с надписями на идише. Гастрономия: еврейская кухня (форшмак, маца, шницель по-биробиджански), дальневосточные дикоросы (папоротник, ягоды), амурская рыба (щука, верхогляд), мед. Инфраструктура: Транссиб (вокзал Биробиджан), трасса Р-297 «Амур», речные порты на Амуре. Ключевые слова: ЕАО, Биробиджан, идиш, Кульдур, Бастак, тигр, синагога, Шолом-Алейхем, Амур, пещеры, форшмак.;Заповедники; Музеи; Летний отдых; Храмы и крепости";"Реки и озера; Леса; Заповедники; Музеи; Место боевой славы; Парки; Природные локации"
Республика Крым;"Республика Крым;Республика Крым. Северо-Кавказский экономический район, центр — Симферополь. Площадь 26 081 км², население около 1 900 000 человек. Расположена на Крымском полуострове на юге России. Омывается Чёрным и Азовским морями. Часовой пояс MSK. Визитная карточка: Орден на груди планеты Земля: перекрёсток культур, царские дворцы и легенды двух морей. Чем знаменит: Ласточкино гнездо, Херсонес Таврический (ЮНЕСКО), Крымский мост, всесоюзная здравница «Артек», виноделие, лечебные грязи Саки. Бренды: «Массандра», «Новый Свет», «Крымский мост», «Ялтинский лук», «Инкерман», «Коктебель». Этнос: крымские татары, караимы, крымчаки, греки; традиции гостеприимства и виноделия. Культурное наследие: Воронцовский, Ливадийский и Массандровский дворцы, Ханский дворец в Бахчисарае, Генуэзские крепости (Судак, Феодосия), античный город Пантикапей. Природа: Крымские горы (Ай-Петри, Демерджи, Роман-Кош), мысы Фиолент и Тарханкут, Карадаг (Золотые ворота), Тропа Голицына, Большой каньон Крыма, Никитский ботанический сад. Климат: на севере умеренно-континентальный, на южном берегу (ЮБК) — субтропический средиземноморский. Достопримечательности: памятник Затопленным кораблям (Севастополь), пещерные города (Чуфут-Кале), гора Митридат, водопад Джур-Джур. Гастрономия: крымские чебуреки и янтыки, крымскотатарский лагман и плов, сарма, морепродукты (барабулька, ставрида, устрицы), инжир, персики, ялтинский сладкий лук. Инфраструктура: Крымский мост (авто и ж/д), аэропорт Симферополь, трасса «Таврида», самая длинная в мире троллейбусная трасса (Симферополь — Ялта). Ключевые слова: Крым, Симферополь, Севастополь, Ялта, Ласточкино гнездо, Ай-Петри, Херсонес, Массандра, Чёрное море, чебуреки, Таврида, Крымский мост.;Заповедники; Музеи; Летний отдых; Храмы и крепости";"Самый посещаемый; Летний отдых; Море; Пляжный отдых; Горы; Храмы и крепости; Заповедники; Музеи; Древние города; Природные локации"
Краснодарский край;"Краснодарский край;Краснодарский край (Кубань). Северо-Кавказский экономический район, центр — Краснодар. Площадь 75 485 км², население около 5 833 000 человек. Расположен на юге России, в западной части Предкавказья. Омывается Чёрным и Азовским морями. Часовой пояс MSK. Визитная карточка: Главный курорт России: от заснеженных пиков Сочи до бескрайних степей и двух морей. Чем знаменит: Сочи (Олимпиада-2014), курорты Красной Поляны, парк «Краснодар» (Галицкого), виноделие (Абрау-Дюрсо), дольмены, кубанское казачество. Бренды: «Сочи», «Абрау-Дюрсо», «Краснодарский чай», «Кубанский борщ», «Красная Поляна», «Сириус». Этнос: кубанские казаки, адыги, греки, армяне; культура казачества, фестиваль «Атамань». Культурное наследие: античный город Горгиппия (Анапа), дольмены Западного Кавказа, этнокомплекс «Атамань», памятник Екатерине II в Краснодаре. Природа: Кавказский биосферный заповедник (ЮНЕСКО), горы Цахвоа (3346 м) и Фишт, озеро Абрау, Гуамское ущелье, скала Киселёва, грязевые вулканы Тамани, плато Лаго-Наки. Климат: от умеренно-континентального до субтропического (южнее Туапсе). Жаркое лето (+25-30°C), мягкая зима. Достопримечательности: Олимпийский парк, трасса Формулы-1, морской порт Сочи, стадион «Краснодар», Сочинский дендрарий, долина лотосов на Тамани. Гастрономия: кубанский борщ, сало, морепродукты (барабуля, мидии, рапаны), вино и шампанское, южные фрукты, чурчхела, адыгейский сыр. Инфраструктура: порты Новороссийск и Туапсе, аэропорты Сочи и Минеральные Воды (транзит), трасса М-4 «Дон», Крымский мост (начало на Тамани). Ключевые слова: Краснодарский край, Кубань, Сочи, Краснодар, Абрау-Дюрсо, Чёрное море, Азовское море, Красная Поляна, казаки, борщ, Фишт, Тамань.;Заповедники; Музеи; Летний отдых; Храмы и крепости";"Самый посещаемый; Летний отдых; Зимний отдых; Море; Пляжный отдых; Горы; Водопады; Горнолыжные курорты; Храмы и крепости; Заповедники; Парки; Санатории"
Ростовская область;"Ростовская область;Ростовская область. Северо-Кавказский экономический район, центр — Ростов-на-Дону. Площадь 100 967 км², население около 4 150 000 человек. Расположена на юге Европейской части России, в бассейне нижнего течения реки Дон. Омывается Азовским морем (Таганрогский залив). Часовой пояс MSK. Визитная карточка: Вольный Дон, столица мирового казачества и ворота Кавказа. Чем знаменит: донское казачество, река Дон, родина М.А. Шолохова (Вёшенская) и А.П. Чехова (Таганрог), южное гостеприимство, комбайны «Ростсельмаш». Бренды: «Тихий Дон», «Донские раки», «Ростсельмаш», «Семикаракорская керамика», «Красностоп» (автохтонное вино). Этнос: донские казаки; традиции и обряды казачества, Нахичевань-на-Дону (армянский след). Культурное наследие: музей-заповедник Шолохова, археологический музей-заповедник «Танаис» (античный город), Старочеркасский музей-заповедник (древняя столица казаков), исторический центр Таганрога. Природа: степи, река Дон, Цимлянское водохранилище, озеро Маныч-Гудило (дикие лошади, птицы), природный парк «Донской», дельта Дона. Климат: умеренно-континентальный. Жаркое засушливое лето (+23-25°C), мягкая малоснежная зима; сильные восточные ветры (суховеи). Достопримечательности: набережная Дона в Ростове, Левбердон (Левый берег Дона), собор Рождества Пресвятой Богородицы, памятник «Тачанка-ростовчанка», станица Старочеркасская. Гастрономия: донские раки (вареные с укропом), донская уха, запеченный сазан, лещ, шемая, донские помидоры, семикаракорский сыр, вина из автохтонных сортов винограда. Инфраструктура: аэропорт Платов, федеральная трасса М-4 «Дон», крупные ж/д узлы, речной порт. Ключевые слова: Ростовская область, Ростов-на-Дону, Дон, казаки, Таганрог, Шолохов, Чехов, Танаис, раки, Старочеркасская, Азовское море.;Заповедники; Музеи; Летний отдых; Храмы и крепости";"Летний отдых; Море; Пляжный отдых; Реки и озера; Степи; Храмы и крепости; Заповедники; Музеи; Древние города; Место боевой славы; Санатории"
Ставропольский край;"Ставропольский край;Ставропольский край. Северо-Кавказский экономический район, центр — Ставрополь. Площадь 66 160 км², население около 2 886 000 человек. Расположен в центральной части Предкавказья и на северных склонах Большого Кавказа. Граничит с Ростовской областью, Краснодарским краем, Калмыкией, Дагестаном, Чечней, Ставропольем, КЧР и КБР. Часовой пояс MSK. Визитная карточка: Всесоюзная здравница: целебные нарзаны Кавказских Минеральных Вод и край золотых нив. Чем знаменит: бальнеологические курорты (Пятигорск, Кисловодск, Ессентуки, Железноводск), лермонтовские места, горы-лакколиты, грязелечение, более 300 солнечных дней в году (Кисловодск). Бренды: «Ессентуки», «Нарзан», «Новотерская», «Прасковейские вина», «Ставропольское зерно». Этнос: южно-русские традиции, терское казачество, многонациональное соседство народов Кавказа. Культурное наследие: место дуэли М.Ю. Лермонтова, грот Дианы, Провал, академические галереи, скифские городища (Татарское городище), архитектура старых курортов. Природа: горы-лакколиты (Бештау, Машук, Железная, Змейка), Курортный парк в Кисловодске (крупнейший в Европе), озеро Тамбукан (лечебная грязь), Ставропольская возвышенность. Климат: умеренно-континентальный. Жаркое лето (+22-25°C), мягкая изменчивая зима. Достопримечательности: Каскадная лестница, Кольцо-гора, Грязелечебница им. Семашко, парк «Цветник», беседка «Эолова арфа», памятник Ангелу-хранителю в Ставрополе. Гастрономия: кавказский шашлык, местные сыры, ставропольская выпечка, минеральные воды (природная газация), ставропольский мед, вина и коньяки Прасковеи. Инфраструктура: международный аэропорт Минеральные Воды, ж/д ветка на курорты КМВ, трасса Р-217 «Кавказ». Ключевые слова: Ставропольский край, Ставрополь, Пятигорск, Кисловодск, Ессентуки, Нарзан, Лермонтов, Машук, Бештау, Тамбукан, КМВ.;Заповедники; Музеи; Летний отдых; Храмы и крепости";"Самый посещаемый; Горы; Заповедники; Музеи; Парки; Природные источники; Санатории; Природные локации"
Республика Дагестан;"Республика Дагестан;Республика Дагестан. Северо-Кавказский экономический район, центр — Махачкала. Площадь 50 270 км², население около 3 200 000 человек. Самый южный регион России, расположен в восточной части Кавказа, омывается Каспийским морем. Граничит с Азербайджаном, Грузией, Ставропольским краем, Калмыкией и Чечней. Часовой пояс MSK. Визитная карточка: Страна гор и Каспийского моря: от древних стен Дербента до головокружительного Сулакского каньона. Чем знаменит: Сулакский каньон (глубочайший в Европе), Дербент (древнейший город России), бархан Сарыкум, аул-призрак Гамсутль, кавказское гостеприимство, ковроделие. Бренды: «Кубачинское серебро», «Кизлярский коньяк», «Дербентское вино», «Урбеч», «Дагестанские ковры». Этнос: самый многонациональный регион (более 30 народностей: аварцы, даргинцы, кумыки, лезгины, лакцы и др.); уникальные народные ремесла. Культурное наследие: цитадель Нарын-Кала (ЮНЕСКО), Старый город Дербента, Джума-мечеть, аул ювелиров Кубачи, село гончаров Балхар, аул оружейников Гоцатль. Природа: Сулакский каньон, бархан Сарыкум (крупнейший в Евразии), Самурский лиановый лес, водопад Тобот (Хунзахское плато), плато Гуниб, гора Шалбуздаг, Каспийское побережье. Климат: умеренно-континентальный, на юге — переходный к субтропическому. Жаркое лето (+25-30°C), мягкая зима. Достопримечательности: экраноплан «Лунь» («Каспийский монстр»), аул Гамсутль, подземный Салтинский водопад, Карадахская теснина. Гастрономия: хинкал (аварский, даргинский и др.), чуду (тонкие лепешки), курзе, урбеч, абрикосовая каша, кизлярский коньяк, овечий сыр. Инфраструктура: аэропорт Уйташ (Махачкала), трасса Р-217 «Кавказ», морской порт Каспийск, ж/д сообщение. Ключевые слова: Дагестан, Махачкала, Дербент, Сулакский каньон, Нарын-Кала, Сарыкум, Гамсутль, хинкал, чуду, урбеч, Каспийское море.;Заповедники; Музеи; Летний отдых; Храмы и крепости";"Самый посещаемый; Летний отдых; Море; Пляжный отдых; Реки и озера; Горы; Водопады; Храмы и крепости; Заповедники; Музеи; Древние города; Природные локации"
Республика Ингушетия;"Республика Ингушетия;Республика Ингушетия. Северо-Кавказский экономический район, центр — Магас. Площадь 3 628 км² (самый малый по площади регион РФ), население 519 078 чел. Расположена на северных склонах предгорья Большого Кавказского хребта. Граничит с Грузией, Северной Осетией и Чечней. Часовой пояс MSK. Визитная карточка: Страна башен и легенд: величие древней архитектуры в самом сердце Кавказских гор. Чем знаменит: средневековые башенные комплексы (Вовнушки, Эгикал), самая молодая столица России (Магас), древнейший христианский храм Тхаба-Ерды, Столовая гора. Бренды: «Страна башен», «Вовнушки», «Горная Ингушетия», «Ингушский мед». Этнос: ингуши; кодекс чести «Эздел», традиции гостеприимства, изделия из рыбьей кожи и войлока. Культурное наследие: башенный комплекс «Вовнушки» (финалист «7 чудес России»), храм Тхаба-Ерды (VIII-IX вв.), мемориал «Память и Слава» в Назрани, Башня Согласия в Магасе. Природа: горы Джейрахского района, Столовая гора (Мят-Лоам), Цей-Лоамский перевал, река Асса, Таргимская котловина, заповедник «Эрзи». Климат: континентальный, в горах — высокогорный. Зима умеренно мягкая, лето солнечное. Достопримечательности: Аланские ворота, Эгикал, Хамхи, Таргим, курорт «Армхи», святилище Мят-Сели. Гастрономия: чапильг (лепешки с творогом/картофелем), дульх-халтам (мясо с галушками), ольг (традиционный хлеб), махыра (халва), горный мед, чай на высокогорных травах. Инфраструктура: аэропорт «Магас» (Сунжа), федеральная трасса «Кавказ», всесезонный курорт «Армхи». Ключевые слова: Ингушетия, Магас, Вовнушки, башни, Тхаба-Ерды, Столовая гора, Эздел, Армхи, Эгикал, Джейрах, чапильг.;Заповедники; Музеи; Летний отдых; Храмы и крепости";"Горы; Водопады; Храмы и крепости; Заповедники; Музеи; Древние города; Санатории; Природные локации"
Кабардино-Балкарская Республика;"Кабардино-Балкарская Республика (КБР);Кабардино-Балкарская Республика (КБР). Северо-Кавказский экономический район, центр — Нальчик. Площадь 12 470 км², население 905 464 чел. (2025 г.). Расположена в центральной части северного склона Большого Кавказа. Часовой пояс MSK. Визитная карточка: Выше только небо: величественный Эльбрус, жемчужные водопады и гостеприимство Кабардино-Балкарии. Чем знаменита: гора Эльбрус (5642 м, высочайшая вершина Европы и России), Приэльбрусье (горнолыжный кластер), Чегемские водопады, Голубые озера, Безенгийская стена (6 из 8 пятитысячников Кавказа). Бренды: «Эльбрус», «Нальчик-Сладость», «Приэльбрусье», «Минеральные воды КБР». Этнос: кабардинцы (адыги) и балкарцы (тюрки); традиции наездничества, кодекс «Адыгэ Хабзэ». Культурное наследие: археологический комплекс «Верхняя Балкария», «Город мертвых» (Эльтюбю), замок «Шато-Эркен», памятники героям нартского эпоса. Природа: горы Эльбрус и Чегет, Черекское ущелье (теснина), плато Канжол, водопад Терскол, ледник Семерка, озеро Гижгит, национальный парк «Приэльбрусье». Климат: континентальный, выраженная вертикальная зональность. Особенности: чистейший горный воздух, обилие солнца. Достопримечательности: поляна Азау, подъемники на Эльбрус, Чегемское ущелье (парапланеризм), Атажукинский сад в Нальчике, Аушигерские термальные источники. Гастрономия: хычины (балкарские и кабардинские), либже (мясо в соусе), джедлибже (курица в сметане), лакумы, пастэ (пшенная каша), горный сыр, халва, чай из горных трав. Инфраструктура: аэропорт Нальчик, трасса Р-217 «Кавказ», самая высокогорная канатная дорога в Европе (до станции «Гара-Баши», 3847 м). Ключевые слова: КБР, Нальчик, Эльбрус, Приэльбрусье, хычины, Чегем, Голубые озера, Эльтюбю, Кавказ, альпинизм.;Заповедники; Музеи; Летний отдых; Храмы и крепости";"Самый посещаемый; Зимний отдых; Горы; Водопады; Горнолыжные курорты; Заповедники; Музеи; Природные источники; Санатории; Природные локации"
Карачаево-Черкесская Республика;"Карачаево-Черкесская Республика (КЧР);Карачаево-Черкесская Республика (КЧР). Северо-Кавказский экономический район, центр — Черкесск. Площадь 14 277 км², население около 469 000 человек. Расположена на северном склоне Большого Кавказа. Часовой пояс MSK. Визитная карточка: Колыбель гор и бирюзовых озёр: от древних храмов Алании до вершин Домбая и звёзд Архыза. Чем знаменита: горнолыжные курорты Домбай и Архыз, Тебердинский заповедник, крупнейшие в Европе телескопы (БТА и РАТАН-600), древнейшие христианские храмы России. Бренды: «Архыз» (минеральная вода), «Домбай», «Карачаевское пиво», «Специальная астрофизическая обсерватория». Этнос: карачаевцы, черкесы, абазины, ногайцы; традиции гостеприимства и конного дела. Культурное наследие: Шоанинский и Сентинский храмы (X век), Нижне-Архызское городище, наскальный лик Христа, сторожевые башни. Природа: горы Домбай-Ульген и Белалакая, Софийские водопады, Бадукские озёра, плато Бермамыт, река Кубань, ледник Алибек, Тебердинский национальный парк. Климат: умеренно-континентальный, в горах — высокогорный. Особенности: большое количество солнечных дней в году. Достопримечательности: обсерватория РАН (САО), пик Инэ, канатные дороги Домбая, озеро Туманлы-Кель, Медовые водопады. Гастрономия: хычины (тонкие пироги), айран (традиционный напиток), шашлык из баранины, либже (курица в соусе), горный мёд, травяной чай. Инфраструктура: близость аэропорта Минеральные Воды, федеральная трасса А-155 (Военно-Сухумская дорога), развитая сеть горнолыжных подъемников. Ключевые слова: КЧР, Черкесск, Архыз, Домбай, телескоп, хычины, горы, Кавказ, Теберда, Шоанинский храм.;Заповедники; Музеи; Летний отдых; Храмы и крепости";"Зимний отдых; Реки и озера; Горы; Водопады; Горнолыжные курорты; Храмы и крепости; Заповедники; Музеи; Древние города; Природные источники; Природные локации"
Республика Северная Осетия — Алания;"Республика Северная Осетия — Алания;Республика Северная Осетия — Алания. Северо-Кавказский экономический район, центр — Владикавказ. Площадь 7 987 км², население около 680 000 человек. Расположена на северном склоне Большого Кавказа. Часовой пояс MSK. Визитная карточка: Сердце Кавказа: вечные ледники, башенные комплексы и легендарное гостеприимство Алании. Чем знаменита: горные ущелья (Куртатинское, Цейское), «Город мертвых» Даргавс, осетинские пироги, Военно-Грузинская дорога, ледники. Бренды: «Осетинские пироги», «Кармадон» (минеральная вода), «Цей», «Аланское наследие». Этнос: осетины (аланы); кодекс чести «Эфсарм», старинные святилища (дзуары), традиции застолья. Культурное наследие: Даргавский некрополь, Аланский Успенский монастырь (самый высокогорный в РФ), Дзивгисская наскальная крепость, мечеть Мухтарова во Владикавказе, памятник Уастырджи в скале. Природа: гора Казбек (5033 м), Мидаграбинские водопады (одни из самых высоких в Европе), Кармадонское ущелье, Кадаргаванская теснина (Тропа чудес), Цейский ледник, река Терек. Климат: умеренно-континентальный. Мягкая зима, продолжительное лето (+20-24°C). Особенности: чистейшая ледниковая вода и горный воздух. Достопримечательности: проспект Мира во Владикавказе, Столовая гора, памятник Иссе Плиеву, Кармадонские ворота. Гастрономия: осетинские пироги (уалибах, фыдджин, цахараджин), осетинский сыр, дзыкка, лывжа (суп), арака, пиво «Аланское». Инфраструктура: международный аэропорт Владикавказ (Беслан), Военно-Грузинская дорога (МАПП Верхний Ларс), Транскам. Ключевые слова: Северная Осетия, Алания, Владикавказ, Даргавс, осетинские пироги, Казбек, Терек, Цей, Кармадон, горы Кавказа.;Заповедники; Музеи; Летний отдых; Храмы и крепости";"Горы; Водопады; Храмы и крепости; Заповедники; Древние города; Место боевой славы"
Курская область;"Курская область;Курская область. Центрально-Черноземный экономический район, центр — Курск. Площадь 29 997 км², население около 1 067 000 человек. Расположена в центре европейской части России, на склонах Среднерусской возвышенности. Часовой пояс MSK. Визитная карточка: Соловьиный край: величие Курской дуги, святыни Коренной пустыни и магнитное сердце Земли. Чем знаменита: Курская магнитная аномалия (КМА), Курская битва, знаменитое пение курских соловьев, антоновские яблоки, родина преподобного Серафима Саровского. Бренды: «Курский соловей», «Курская антоновка», «Михайловский ГОК», «Коренная пустынь», «Конти». Этнос: южно-русские традиции; самобытная пляска «Тимоня», промысел Кожлянской игрушки. Культурное наследие: Мемориал «Курская дуга», усадьба А. Фета в Воробьевке, монастырь Коренная пустынь, древний город Рыльск, триумфальная арка в Курске. Природа: Центрально-Черноземный заповедник им. Алехина (уникальная целинная степь), реки Сейм и Псел, меловые горы. Климат: умеренно-континентальный. Мягкая зима, умеренно жаркое лето (+19-20°C). Достопримечательности: Михайловский железорудный карьер (промышленный туризм), мемориал в Понырях, фасад ж/д вокзала в Курске (памятник архитектуры), панорама «Курская битва». Гастрономия: курская антоновка, курский мед, картофельная друнька (традиционная запеканка), курский калач, пряники «Коренские». Инфраструктура: федеральная трасса М-2 «Крым», крупный железнодорожный узел, близость к промышленным гигантам Черноземья. Ключевые слова: Курская область, Курск, Курская дуга, КМА, соловей, антоновка, Коренная пустынь, Сейм, Рыльск, Михайловский ГОК.;Заповедники; Музеи; Летний отдых; Храмы и крепости";"Степи; Реки и озера; Место боевой славы; Заповедники; Музеи; Санатории"
Белгородская область;"Белгородская область;Белгородская область. Центрально-Черноземный экономический район, центр — Белгород. Площадь 27 134 км², население около 1 500 000 человек. Расположена на юго-западе Европейской части России, на склонах Среднерусской возвышенности. Часовой пояс MSK. Визитная карточка: Свет Белогорья: край ратной славы, черноземных просторов и железной руды. Чем знаменита: Прохоровское поле (Третье ратное поле России), крупнейшие карьеры по добыче железной руды, меловые горы, развитое сельское хозяйство и благоустройство. Бренды: «Прохоровское поле», «Лебединский ГОК», «Белгородское масло», «Стригуновский лук», «Белгородский хладокомбинат». Этнос: южно-русские традиции; фольклорные фестивали (узорный хоровод), традиции слобожанщины. Культурное наследие: мемориальный комплекс «Прохоровское поле», музей-диорама «Курская битва», Холковский пещерный монастырь, Юсуповский дворец в Ракитном, исторический центр Белгорода. Природа: заповедник «Белогорье» (участок «Лес на Ворскле»), меловые скалы и обрывы, река Северский Донец, дуб-долгожитель в пос. Дубовое. Климат: умеренно-континентальный. Продолжительное лето (+20-22°C), умеренно холодная зима с оттепелями. Достопримечательности: Звонница на Прохоровском поле, храм святых апостолов Петра и Павла, памятник князю Владимиру, Смоленский собор. Гастрономия: подсолнечное масло холодного отжима, белгородский мед, стригуновский лук, белгородское мороженое, вареники (фестиваль вареников). Инфраструктура: федеральная трасса М-2 «Крым», ж/д магистраль Москва — Харьков, Лебединский и Стойленский ГОКи. Ключевые слова: Белгородская область, Белгород, Прохоровка, Белогорье, железная руда, меловые горы, Северский Донец, вареники, Курская битва, Холки.;Заповедники; Музеи; Летний отдых; Храмы и крепости";"Степи; Место боевой славы; Музеи; Парки; Храмы и крепости; Санатории"
Воронежская область;"Воронежская область;Воронежская область. Центрально-Черноземный экономический район, центр — Воронеж. Площадь 52 216 км², население около 2 285 000 человек. Расположена на юге центральной части европейской России. Часовой пояс MSK. Визитная карточка: Колыбель русского флота, родина ВДВ и край меловых гор. Чем знаменита: строительство первого линейного корабля «Гото Предестинация» при Петре I, первый в истории прыжок десантников (1930 г.), пещерные храмы в меловых скалах, эталонный чернозем. Бренды: «Воронежские конфеты», «Воронежский стейк» (мраморная говядина), «Котенок с улицы Лизюкова», «Молвест». Этнос: южно-русские традиции, богатый фольклор (родина М. Пятницкого). Культурное наследие: корабль-музей «Гото Предестинация», Дворец Ольденбургских в Рамони, археологический музей-заповедник «Костёнки» (палеолит), Дивногорье. Природа: музей-заповедник «Дивногорье» (меловые столбы-дивы), Воронежский биосферный заповедник (бобры), Хоперский заповедник (выхухоль), река Дон с высокими меловыми обрывами. Климат: умеренно-континентальный. Умеренно морозная зима, довольно жаркое лето (+20-22°C). Достопримечательности: памятник Котенку с улицы Лизюкова, пещерный монастырь в Костомарово, Белый колодец, Адмиралтейская площадь. Гастрономия: воронежская мраморная говядина, сыр «Костёнковский», конфеты «Песни Кольцова», мед лесостепного разнотравья, воронежские семечки. Инфраструктура: федеральная трасса М-4 «Дон», крупные ж/д узлы (Воронеж-1, Придача), международный аэропорт им. Петра I. Ключевые слова: Воронежская область, Воронеж, Дон, Дивногорье, Костёнки, Петр I, ВДВ, чернозем, говядина, меловые горы, Гото Предестинация.;Заповедники; Музеи; Летний отдых; Храмы и крепости";"Реки и озера; Леса; Храмы и крепости; Заповедники; Музеи; Летний отдых"
Липецкая область;"Липецкая область;Липецкая область. Центрально-Черноземный экономический район, центр — Липецк. Площадь 24 047 км², население около 1 126 000 человек. Расположена в центре европейской части России, в лесостепной зоне. Часовой пояс MSK. Визитная карточка: Жемчужина Черноземья: край целебных вод, стальных гигантов и оживших сказок. Чем знаменит: первый в России бальнеологический курорт (основан Петром I), Новолипецкий металлургический комбинат (НЛМК), самый маленький заповедник «Галичья гора» (Книга рекордов Гиннесса), парк «Кудыкина гора», елецкие кружева. Бренды: «Липецкий бювет», «Липецкое мороженое», «НЛМК», «Кудыкина гора», «Елецкие кружева». Этнос: южно-русские традиции; промысел романовской игрушки, елецкое кружевоплетение. Культурное наследие: древний город Елец (входит в список ЮНЕСКО как историческое поселение), усадьба Скорняково-Архангельское, гиперболоидная башня Шухова в Полибино, памятники И. Бунину. Природа: заповедник «Галичья гора» (уникальные реликтовые растения), Воргольские скалы («Липецкая Швейцария»), река Дон, заказник «Олений парк». Климат: умеренно-континентальный. Теплое лето (+19-21°C), умеренно холодная зима. Достопримечательности: Сафари-парк «Кудыкина гора» (гигантский Змей Горыныч), Нижний парк в Липецке, Вознесенский собор в Ельце, мемориал на Быковой горе. Гастрономия: липецкая минеральная вода, елецкое пиво, сыры из Масловки (гастротуризм), липецкие яблоки, мороженое. Инфраструктура: федеральная трасса М-4 «Дон», крупные ж/д узлы (Елец, Грязи), ОЭЗ «Липецк». Ключевые слова: Липецкая область, Липецк, Елец, Кудыкина гора, НЛМК, Галичья гора, Воргольские скалы, минеральная вода, кружево, Дон, Петр I.;Заповедники; Музеи; Летний отдых; Храмы и крепости";"Реки и озера; Природные источники; Заповедники; Парки; Древние города; Санатории"
Тамбовская область;"Тамбовская область;Тамбовская область. Центрально-Черноземный экономический район, центр — Тамбов. Площадь 34 462 км², население около 966 000 человек. Расположена в центральной части Окско-Донской равнины. Часовой пояс MSK. Визитная карточка: Черноземное золото России: край мичуринских садов, благородных усадеб и гостеприимства. Чем знаменита: самые плодородные черноземы в мире, музыкальное наследие С. Рахманинова, наукоград Мичуринск (единственный в РФ по садоводству), бренд «Тамбовский волк». Бренды: «Тамбовский волк», «Мичуринские яблоки», «Тамбовский окорок», «Тамбовская неваляшка», пиво «Моршанское». Этнос: купеческие и ярмарочные традиции (Покровская ярмарка), фольклорные фестивали. Культурное наследие: усадьба С.В. Рахманинова «Ивановка», усадьба Асеевых (филиал Петергофа), дом-музей Чичерина, Спасо-Преображенский собор, памятник Тамбовскому мужику. Природа: Воронинский заповедник (долина реки Ворона), эталонные черноземы, пойменные луга, чистые сосновые боры. Климат: умеренно-континентальный. Теплое лето (+20°C), стабильно снежная зима. Достопримечательности: Набережная Тамбова (самая длинная двухъярусная набережная в ЦФО), музей-усадьба Мичурина, памятник неваляшке в Котовске. Гастрономия: тамбовский окорок, мичуринские яблоки и повидло, тамбовская картошка, тамбовский мед, ликеро-водочные изделия на местном зерне. Инфраструктура: федеральная трасса М-6 «Каспий», ж/д сообщение (направление Центр-Юг), аэропорт «Тамбов» (Донское). Ключевые слова: Тамбовская область, Тамбов, Мичуринск, Рахманинов, Ивановка, тамбовский волк, чернозем, яблоки, река Ворона, Асеев.;Заповедники; Музеи; Летний отдых; Храмы и крепости";"Леса; Степи; Реки и озера; Музеи; Парки; Санатории"
Красноярский край;Красноярский край — второй по площади субъект России (2 366 797 кв. км), расположенный в Центральной и Восточной Сибири в бассейне реки Енисей. Территория региона уникальна своим масштабом: она простирается от арктических морей (Карское и Лаптевых) и Северного Ледовитого океана на севере до Саянских гор на юге. Административный центр — город Красноярск. Главными символами и достопримечательностями края являются национальный парк «Красноярские Столбы», плато Путорана (объект всемирного наследия ЮНЕСКО) и географический центр России — озеро Виви. Водные ресурсы представлены могучим Енисеем, Ангарой, реками Подкаменная и Нижняя Тунгуска, а также крупными арктическими озерами Таймыр и Пясино. Природный ландшафт охватывает зоны от ледяных пустынь и тундры до бескрайней сибирской тайги, где преобладают кедр, лиственница и пихта, и живописных горных систем Ергаки и Кутурчинское Белогорье. Климат варьируется от арктического на севере до резко континентального на юге, характеризуясь суровыми зимами с вечной мерзлотой и жарким летом в южных степях. Регион является индустриальным гигантом благодаря мощному гидроэнергетическому комплексу (Красноярская и Саяно-Шушенская ГЭС) и Норильскому промышленному району. Культурное наследие края включает старинный город Енисейск, памятные места, связанные с декабристами, и уникальные традиции коренных народов Севера: долган, ненцев, эвенков и кетов. Гастрономическая карта региона богата северной рыбой (сугудай и строганина из чира, хариуса, тугуна), икрой, дичью и олениной. Особое место занимают таежные дары: кедровые орехи и масло, грибы, ягоды (морошка, брусника, черника), а также сибирский мед и травяные чаи. Транспортный каркас региона формируют международный аэропорт Красноярск (Емельяново), Транссибирская магистраль и развитое речное судоходство по Енисею.;"Реки и озера; Горы; Море; Заповедники; Древние города; Природные локации; Водопады; Крайние точки; Острова"
Республика Бурятия;Республика Бурятия расположена на юге Восточной Сибири, восточнее озера Байкал, в самом центре Азиатского континента. Столица республики — город Улан-Удэ. Регион знаменит тем, что на его территории сосредоточено более 60% береговой линии озера Байкал. Бурятия является центром российского буддизма, где находится знаменитый Иволгинский дацан. Местность преимущественно горная (около 80% территории), включая хребты Хамар-Дабан, Восточный Саян с высшей точкой горой Мунку-Сардык и Баргузинский хребет. Основные водные артерии — реки Селенга, Баргузин, Видим и Уда. Природа представлена хвойной тайгой (кедр, сосна, лиственница), альпийскими лугами и степями. Климат резко континентальный с большим количеством солнечных дней в году, сухой морозной зимой и коротким жарким летом. Регион богат термальными источниками, такими как Аршан, Гоуджекит и Дзелинда. Этнический колорит формируют традиции бурятского народа, кочевников, буддизм и шаманизм, а также культура старообрядцев в селах Тарбагатай и Кяхта. Гастрономические символы Бурятии — это буузы (позы), мясной суп шулэн, блюда из байкальского омуля, а также традиционные напитки кумыс, айраг и чай с молоком и солью (суутай цай). Туристическая инфраструктура включает Забайкальский национальный парк, Баргузинский и Байкальский заповедники, а доступность обеспечивается аэропортом Байкал и Транссибирской магистралью.;"Реки и озера; Горы; Заповедники; Храмы и крепости; Природные локации; Леса; Санатории; Острова"
Республика Тыва;Республика Тыва (Тува) — уникальный регион в самом сердце Азии, расположенный на юге Восточной Сибири в верховьях реки Енисей. Столица республики — город Кызыл, где установлен обелиск «Центр Азии». Территория характеризуется контрастными ландшафтами: горы занимают более 80% площади (массив Монгун-Тайга, хребты Саян), сменяясь альпийскими лугами, тайгой, степями и полупустынями. Главные водные артерии — Верхний Енисей (Улуг-Хем) и его истоки Бий-Хем и Каа-Хем. В регионе насчитывается около 6720 озер, среди которых выделяются высокогорное Азас, пресное Чагытай и соленое Дус-Холь, по свойствам аналогичное Мертвому морю. Тыва знаменита своей богатейшей культурой: тувинским горловым пением хоомей, национальной борьбой хуреш и уникальным сочетанием традиций шаманизма и буддизма (здесь находится крупнейший в России монастырь «Тубтен Шедруб Линг»). Археологическое наследие представлено «Долиной царей» и скифским золотом из кургана Аржаан-2, а также загадочной крепостью Пор-Бажын на острове посреди озера. Климат региона резко континентальный с морозной малоснежной зимой и жарким летом. Гастрономия Тувы включает аутентичные блюда: согажа (печень в сальнике), кровяную колбасу хан, мясо в тесте манчы, ритуальное блюдо ужа и муку из жареного ячменя далган. Традиционные напитки — молочная водка арака и соленый чай с молоком суттуг шай. Туристический потенциал дополняют целебные источники (аржааны) Уш-Белдир и Тарыс, а также потухшие вулканы плато Дерби-Тайга. Доступность обеспечивается аэропортом Кызыла и федеральной трассой Р257 «Енисей».;"Реки и озера; Горы; Степи; Храмы и крепости; Природные источники; Природные локации; Леса"
Республика Хакасия;Республика Хакасия расположена на юге Центральной Сибири в Хакасско-Минусинской котловине, охватывая склоны Кузнецкого Алатау и Западного Саяна. Столица — город Абакан. Регион широко известен как «страна курганов и озер» благодаря огромному количеству археологических памятников (Большой Салбыкский курган, горы Сундуки, Шалоболинская писаница, музей-заповедник «Казановка») и более чем 500 озерам. Среди них выделяются целебные соленые озера Белё, Шира, Иткуль и Шунет. Природный ландшафт включает степи и лесостепи, переходящие в таежные высокогорья с вершинами пик Кызласова и Старая Крепость. Главные реки — Енисей и Абакан, также здесь расположена мощнейшая Саяно-Шушенская ГЭС. Хакасия — один из самых солнечных регионов Сибири (до 310 солнечных дней в году) с резко континентальным климатом. Этнический колорит представлен культурой хакасов: традициями шаманизма, горловым пением (хай), национальными играми и праздниками. Гастрономия региона включает талган (обжаренная молотая крупа), бульон из баранины мюн, кашу потхы, колбасу хыйма, а также айран, кумыс, блюда из папоротника и кедрового ореха. Туристическая база представлена природным парком «Ергаки», Хакасским заповедником и хребтом Оглахты. Доступность обеспечивается аэропортом Абакан, железной дорогой и федеральными трассами.;"Реки и озера; Горы; Степи; Заповедники; Природные локации; Музеи"
Новогородская область;Новгородская область — исторический центр Северо-Запада России, колыбель русской государственности и демократии. Административный центр — Великий Новгород, один из древнейших городов страны. Регион расположен на Приильменской низменности и Валдайской возвышенности. Главные водные объекты: озеро Ильмень, реки Волхов, Мста, Ловать и озеро Валдайское. Область знаменита уникальными памятниками архитектуры, включенными в список ЮНЕСКО: Новгородским Детинцем (Кремлем), Софийским собором и Ярославовым Дворищем. Природное достояние представлено национальным парком «Валдайский» и Рдейским заповедником. Культурные бренды: валдайские колокольчики, берестяные грамоты и крестецкая строчка. В регионе развит бальнеологический отдых в Старой Руссе с её минеральными источниками. Гастрономия: ильменский судак, снеток, серые щи из крошева, валдайские баранки и новгородский квас. Инфраструктура включает трассу М-11 «Нева» и Октябрьскую железную дорогу.;"Реки и озера; Храмы и крепости; Заповедники; Музеи; Древние города; Пляжный отдых; Санатории; Природные локации"
Псковская область;Псковская область — западный форпост России, граничащий с Эстонией, Латвией и Белоруссией. Административный центр — Псков, один из древнейших городов страны, родина княгини Ольги. Регион славится уникальной псковской архитектурной школой, включенной в список ЮНЕСКО. Главные достопримечательности: Псковский Кром (Кремль), Изборская крепость, Псково-Печерский монастырь и Талабские острова. Особое место занимает Пушкиногорье — музей-заповедник «Михайловское», неразрывно связанный с жизнью А.С. Пушкина. Водные ресурсы представлены Псковско-Чудским озером и рекой Великой. Регион является местом боевой славы (Ледовое побоище, подвиг 6-й роты). Гастрономия: знаменитый псковский снеток, рыбные пироги (рыбники), толоконные блины и псковский сбитень. Транспортная доступность обеспечивается федеральной трассой Р-23, железной дорогой и аэропортом Кресты.;"Реки и озера; Храмы и крепости; Музеи; Древние города; Место боевой славы; Острова; Природные локации"
Мурманская область;"Мурманская область;Мурманская область (Северный экономический район, центр — Мурманск). Расположена на Кольском полуострове, омывается Баренцевым и Белым морями, имеет выход к Северному Ледовитому океану. Граничит с Норвегией и Финляндией. Визитная карточка: край полярных сияний, незаходящего солнца и ледоколов. Славится Хибинскими горами, Териберкой, Кольским заливом и богатством недр. Бренды: атомный ледокол Ленин, Хибины, Мурманский морской порт, Кольская сверхглубокая скважина. Природа: тундра, лесотундра, тайга, горные массивы Хибины и Ловозерские тундры, фьорды, порожистые реки (Нива, Кола, Поной), озера (Имандра, Умбозеро, Ловозеро). Достопримечательности: Лапландский заповедник, Канозерские петроглифы, мемориал Алёша, Варзуга, сейды и скалы-останцы. Этнос: саамы и поморы. Гастрономия: оленина (строганина, жаркое), мурманский краб, треска, палтус, тресковые язычки, поморские шаньги, морошковое варенье, ягоды (брусника, клюква, вороника). Инфраструктура: аэропорты Мурманск (Мурмаши) и Хибины, трасса Р-21 Кола.";"Природные локации; Активный отдых; Море; Гастрономия; Этнотуризм; Горнолыжные курорты; Музеи; Памятники и монументы"
Ненецкий автономный округ;"Ненецкий автономный округ;Ненецкий автономный округ (тип: автономный округ, субъект РФ в составе Архангельской области, Северо-Западный федеральный округ, Северный экономический район, центр — Нарьян-Мар). Площадь 176 810 км², население около 44 500 человек. Расположен на крайнем севере европейской части России, включает полуостров Канин, побережье Баренцева, Белого и Карского морей, острова Колгуев и Вайгач. Выход к Северному Ледовитому океану. Визитная карточка: Край полярной ночи, бескрайней тундры и древних ненецких стойбищ: от первого арктического города Пустозерска до горячих ключей Пым-Ва-Шор. Чем знаменит: Пустозерск — первый русский город за Полярным кругом, центр ненецкой культуры, уникальное оленеводство, Тиманский кряж, морской нефтепромысел «Приразломная», остров Вайгач (священный остров северных народов). Бренды: «Ненецкая оленина», «Нарьян-Марский мясокомбинат», «Пустозерск», «Арктический туризм», «Вайгач». Природа: зона тундры и лесотундры, многолетняя мерзлота, Тиманский кряж, река Печора с дельтой, озера (Голодная Губа), Печорское море, термальные источники Пым-Ва-Шор. Достопримечательности: Ненецкий заповедник, заказник «Ненецкий», Пустозерское городище (место гибели протопопа Аввакума), музей-заповедник «Пустозерск», действующие ненецкие стойбища, памятник природы «Колокольня» в Нарьян-Маре. Этнос: ненцы (самодийский народ), традиции кочевников-оленеводов, чумы, национальная одежда (малица, паница). Гастрономия: строганина из оленины и нельмы, вяленая и копчёная оленина (юкола), похлёбка из оленины с ягелем и почками карликовой берёзы, суп из северной рыбы (чир, сиг, омуль, хариус), ненецкие ржаные лепёшки, жир нерпы и оленя, мочёная морошка, варенье из клюквы и брусники. Туризм: экстремальный, этнотуризм, охота за полярными сияниями, экспедиционные круизы, наблюдение за моржами и белыми медведями. Инфраструктура: аэропорт Нарьян-Мар, морской порт, зимники, водный транспорт по Печоре.";"Природные локации; Этнотуризм; Море; Гастрономия; Активный отдых; Реки и озера; Музеи; Памятники и монументы"
Республика Коми;"Республика Коми;Республика Коми (тип: республика, Северо-Западный федеральный округ, Северный экономический район, центр — Сыктывкар). Площадь 416 774 км², население около 730 000 человек. Расположена на северо-востоке европейской части России, на западном склоне Уральских гор. Визитная карточка: Край нетронутой тайги, седого Урала и реки Печоры: от загадочных столбов Маньпупунёра до гостеприимных коми деревень. Чем знаменита: Плато Маньпупунёр (Столбы выветривания — одно из семи чудес России), Девственные леса Коми (объект Всемирного наследия ЮНЕСКО), Приполярный Урал с горами Народная и Манарага, первая в мире лосеферма. Бренды: «Девственные леса Коми», «Печоро-Илычский заповедник», «Коми рыба», «Финно-угорское наследие», «Усть-Цильма». Этнический колорит: один из крупнейших финно-угорских центров России, традиции народа коми, оленеводство, уникальное деревянное зодчество, древний праздник «Усть-Цилемская горка». Природа: бескрайняя тайга, горные ландшафты Урала, река Печора и её притоки (Илыч, Щугор), озера, водопад Буредан, скала Красный камень. Достопримечательности: национальный парк «Югыд ва», Печоро-Илычский заповедник, Финно-угорский этнопарк в селе Ыб, первые христианские храмы коми в Усть-Выми. Гастрономия: чери нянь (коми рыбный пирог), пельнянь (пельмени с олениной или лосятиной), коми шаньги, ягодные морсы из морошки и клюквы, лосиное молоко, соленая и копченая рыба (сиг, сёмга, нельма). Туризм: экотуризм, сплавы по рекам, пешие и лыжные походы в горы, этнографические туры. Инфраструктура: аэропорт Сыктывкар, железнодорожное сообщение, трасса «Вятка».";"Природные локации; Активный отдых; Этнотуризм; Реки и озера; Горы; Заповедники; Гастрономия; Музеи; Памятники и монументы"
Архангельская область;"Архангельская область;Архангельская область (тип: область, Северо-Западный федеральный округ, Северный экономический район, центр — Архангельск). Площадь 413 103 км² (без НАО), население около 1 000 000 человек. Расположена на севере европейской части России, омывается Белым, Баренцевым и Карским морями, имеет выход к Северному Ледовитому океану. Включает архипелаги Новая Земля и Земля Франца-Иосифа. Визитная карточка: Край белых ночей, поморской культуры и нетронутой северной природы: от святынь Соловков до ледяных шапок Новой Земли. Чем знаменита: Соловецкие острова (монастырь, ЮНЕСКО), музей-заповедник «Малые Корелы», родина Михаила Ломоносова (село Ломоносово), первый в России военный космодром «Плесецк», поморская культура, месторождения алмазов, белые ночи. Бренды: «Соловки», «Козули» (расписные пряники), «Кенозерье», «Беломорье», «Архангельский водорослевый комбинат». Этнический колорит: поморы (субэтнос русского народа), традиции северного мореходства, деревянное зодчество, резьба по кости (холмогорская кость). Природа: северная тайга, лесотундра, тундра, арктические пустыни, острова и архипелаги, река Северная Двина и её притоки (Пинега, Вычегда), Пинежские карстовые пещеры, национальные парки «Кенозерский», «Онежское Поморье», «Русская Арктика». Достопримечательности: Соловецкий историко-архитектурный ансамбль, Антониево-Сийский монастырь, Кий-остров, музей «Малые Корелы», город Каргополь, Новодвинская крепость. Гастрономия: козули (пряники), рыбники (пироги с треской, палтусом, сёмгой), треска по-поморски, наваристая уха, шаньги, строганина из оленины и нельмы, мочёная морошка, брусника, клюква, варенье из морошки. Туризм: культурно-познавательный, паломничество, экотуризм, круизы по Белому морю, сплавы, лыжные походы, наблюдение за китами и тюленями, промышленный туризм. Транспорт: аэропорт Архангельск (Талаги), аэропорт на Соловках, Северная железная дорога, федеральная трасса М-8 «Холмогоры», морской и речной порты.";"Природные локации; Море; Храмы и крепости; Этнотуризм; Музеи; Памятники и монументы; Гастрономия; Реки и озера; Заповедники; Активный отдых"
Вологодская область;"Вологодская область;Вологодская область (тип: область, Северо-Западный федеральный округ, Северный экономический район, центр — Вологда). Площадь 144 527 км², население около 1 130 000 человек. Расположена на севере европейской части России, на стыке крупных озерных систем. Визитная карточка: Край кружев, масла и северных святынь: от величавого Кирилло-Белозерского монастыря до резиденции Деда Мороза в Великом Устюге. Чем знаменита: Вологодское кружево, Вологодское масло, Ферапонтов монастырь с фресками Дионисия (объект ЮНЕСКО), Кирилло-Белозерский монастырь, родина Деда Мороза — Великий Устюг, созвездие северных монастырей («Северная Фиваида»). Бренды: «Вологодское масло», «Вологодское кружево», «Великий Устюг — родина Деда Мороза», «Северная чернь». Этнический колорит: традиции русского севера, уникальные промыслы (чернение по серебру, плетение на коклюшках), самобытное деревянное зодчество. Природа: южная тайга, водоемы Волго-Балтийского пути, Рыбинское водохранилище, озера (Белое, Кубенское, Онежское), реки (Сухона, Шексна, Юг), национальный парк «Русский Север», Дарвинский заповедник. Достопримечательности: Кирилло-Белозерский монастырь, Вологодский кремль, Спасо-Прилуцкий монастырь, Великий Устюг, Тотьма (тотемское барокко), Белозерск. Гастрономия: вологодское масло (сладкосливочное с ореховым привкусом), рыбные пироги и кулебяки (судак, сиг, налим), уха из сущика (снеток, ряпушка), молочные продукты (творог, запеченное молоко), шаньги, морошковое варенье, устюжские пряники. Туризм: культурно-познавательный, семейный (Дед Мороз), круизы по Волго-Балту, паломничество, ремесла. Инфраструктура: аэропорты Вологда и Череповец, железнодорожный узел Вологда-1, трассы М-8 «Холмогоры» и А-114.";"Природные локации; Храмы и крепости; Музеи; Памятники и монументы; Гастрономия; Реки и озера; Заповедники; Древние города; Активный отдых"
Нижегородская область;Нижегородская область (тип: область, Приволжский федеральный округ, Волго-Вятский экономический район, центр — Нижний Новгород). Площадь 76 624 км², население около 3 170 000 человек. Расположена в центре европейской части России, на слиянии великих рек Волги и Оки. Визитная карточка: Купеческая столица на Волге, родина золотой хохломы и легендарного града Китежа: от величественного кремля на Дятловых горах до святынь Дивеева. Чем знаменита: Нижегородский кремль, Нижегородская ярмарка, народные художественные промыслы (хохлома, городецкая роспись, полхов-майданская роспись), озеро Светлояр (легенда о граде Китеже), Серафимо-Дивеевский монастырь, Чкаловская лестница, родина Максима Горького и Валерия Чкалова. Главные бренды: «Нижегородская ярмарка», «Хохлома», «Городецкая роспись», «Дивеево», «Горьковский автомобильный завод (ГАЗ)», «Болдинская осень». Природа: сочетание лесной зоны (Заволжье) и лесостепи (Правобережье), реки Волга, Ока, Сура, Ветлуга, Керженец, озеро Светлояр, Керженский заповедник, Ичалковский бор с пещерным комплексом. Достопримечательности: Нижний Новгород, Городец (музей под открытым небом), Большое Болдино (пушкинские места), архитектурный ансамбль Арзамаса, Макарьевский монастырь. Гастрономия: волжская рыба (стерлядь, судак, сом), нижегородские пироги (с грибами, рыбой, калиной), Городецкий пряник, Арзамасский гусь, грибные блюда (грибовница), медовуха и иван-чай. Туризм: культурно-познавательный, круизы по Волге, паломничество, экотуризм, сельский туризм, промысловые туры. Транспорт: международный аэропорт Стригино, Московский вокзал, трасса М-7 «Волга», скоростные поезда «Сапсан» и «Ласточка», метрополитен в Нижнем Новгороде.;"Храмы и крепости; Древние города; Музеи; Памятники и монументы; Реки и озера; Гастрономия; Природные локации; Заповедники; Активный отдых"
Республика Марий Эл;Республика Марий Эл (тип: республика, Приволжский федеральный округ, Волго-Вятский экономический район, центр — Йошкар-Ола). Площадь 23 375 км², население около 675 000 человек. Расположена в центре европейской части России, в среднем течении Волги. Визитная карточка: Край марийских священных рощ, звонких гуслей и волжских просторов: от набережной Брюгге в Йошкар-Оле до языческих капищ и легенд озера Морской Глаз. Чем знаменита: марийские священные рощи (кӱсото), марийские гусли (кусле), самобытная культура народа мари (последние язычники Европы), уникальная архитектура Йошкар-Олы (набережная Брюгге, замок Шереметева в Юрино), озеро Морской Глаз, скульптура «Йошкин кот». Главные бренды: «Марий Эл — сердце финно-угорского мира», «Марийские гусли», «Священные рощи», «Йошкин кот», «Замок Шереметева». Природа: лесной край (тайга и смешанные леса), река Волга (Чебоксарское и Куйбышевское водохранилища), реки Ветлуга, Большая Кокшага, Илеть, более 600 озер (Морской Глаз, Карась, Кичиер, Яльчик), заповедник «Большая Кокшага», национальный парк «Марий Чодра». Достопримечательности: набережная Брюгге и Амстердам в Йошкар-Оле, Царевококшайский кремль, музей марийской сказки, священные рощи — места традиционных молений, этнографический музей под открытым небом в Козьмодемьянске. Гастрономия: подкоголь (подкогыльо — вареники с мясом, картофелем или ягодами), коман мелна (трехслойные блины), салма (тесто в бульоне), лашка (суп с клецками), жаркое из зайчатины или медвежатины, марийский мед, пура (медовуха). Туризм: этнографический, событийный (марийские праздники), культурно-познавательный, экотуризм, круизы по Волге. Инфраструктура: аэропорт Йошкар-Ола, железнодорожная станция, трасса Р-176 «Вятка».;"Этнотуризм; Храмы и крепости; Музеи; Реки и озера; Природные локации; Заповедники; Гастрономия; Памятники и монументы; Активный отдых"
Кировская область;Кировская область (тип: область, Приволжский федеральный округ, Волго-Вятский экономический район, центр — Киров). Площадь 120 374 км², население около 1 150 000 человек. Расположена на востоке европейской части России, в бассейне реки Вятки. Визитная карточка: Край вятских лесов, дымковской игрушки и Великорецкого чуда: от старинных купеческих усадеб до легендарных утёсов на реке Немде. Чем знаменита: Дымковская игрушка, Вятское кружево (кукарское), Великорецкий крестный ход, Вятский квас, Истобенские солёные огурцы, Котельничское местонахождение парейазавров, родина писателя Александра Грина. Главные бренды: «Дымковская игрушка», «Вятское кружево», «Вятский квас», «Великорецкое», «Истобенский огурец», «Вятские рыжики». Природа: зона южной тайги и смешанных лесов, река Вятка и её притоки (Чепца, Молома, Пижма, Немда), озеро Лежнинское, скалы на Немде (Пижемский заказник), заповедник «Нургуш». Достопримечательности: Успенский Трифонов монастырь, музей дымковской игрушки, Вятский палеонтологический музей, дом-музей А. Грина, архитектура Слободского, село Великорецкое. Гастрономия: вятский квас, истобенские огурцы, вятский рыбник (пирог с цельной рыбой), шаньги с картошкой, вятские соленые рыжики, пельмени по-вятски (с мясом, грибами и капустой), лесной мёд, иван-чай. Туризм: культурно-познавательный, палеонтологический, паломничество, сплавы по рекам Вятка и Немда, экотуризм, фестиваль «Сказочные игры на Вятке». Инфраструктура: аэропорт Победилово, Транссибирская магистраль, трасса Р-176 «Вятка».;"Музеи; Памятники и монументы; Храмы и крепости; Древние города; Реки и озера; Природные локации; Гастрономия; Заповедники; Активный отдых; Этнотуризм"
Республика Мордовия;Республика Мордовия (тип: республика, Приволжский федеральный округ, Волго-Вятский экономический район, центр — Саранск). Площадь 26 128 км², население около 790 000 человек. Расположена в центре европейской части России, в бассейне рек Мокши и Суры. Визитная карточка: Край звонких пачатов, древних монастырей и резных узоров: от скульптур Степана Эрьзи до святынь Санаксарской обители. Чем знаменита: скульптор Степан Эрьзя (Степан Нефёдов), Санаксарский монастырь (место упокоения адмирала Фёдора Ушакова), Мордовский заповедник им. Смидовича, национальный парк «Смольный», стадион «Мордовия Арена», тавлинская деревянная резьба, мордовские пачаты (блины), культура народов эрзя и мокша. Главные бренды: «Эрьзя», «Мордовия Арена», «Тавлинская деревянная игрушка», «Мордовские узоры», «Саранск — город спорта». Природа: зона смешанных и широколиственных лесов, лесостепь, реки Сура, Мокша, Исса, Вад, Алатырь, Мордовский государственный природный заповедник им. П. Г. Смидовича, озеро Инорка. Достопримечательности: Музей изобразительных искусств имени С. Д. Эрьзи, Санаксарский Рождество-Богородичный монастырь, Макаровский погост, Иоанно-Богословский собор в Саранске, этнографический центр в селе Подлесная Тавла. Гастрономия: пачат (пшённые или пшеничные блины), суро (суронь каша — пшённая каша с мясом в горшочке), цюкор (мясной пирог), мокшанские шаньги, поза (свекольный квас), мордовский мёд, грибная солянка, соленые рыжики и грузди, уха по-мордовски. Туризм: этнографический, культурно-познавательный, паломничество, событийный и спортивный туризм. Инфраструктура: аэропорт Саранск, железнодорожный узел, федеральная трасса Р-158.;"Этнотуризм; Храмы и крепости; Музеи; Памятники и монументы; Гастрономия; Природные локации; Заповедники; Реки и озера; Активный отдых"
Чувашская область;Чувашская Республика — Чувашия (тип: республика, Приволжский федеральный округ, Волго-Вятский экономический район, центр — Чебоксары). Площадь 18 343 км², население около 1 160 000 человек. Расположена на востоке центра Европейской части России, в среднем течении Волги. Визитная карточка: Край ста тысяч вышивок, дубрав и Волжских просторов: от древних Чебоксар до священных рощ и целебных источников. Чем знаменита: Монумент Матери-Покровительницы в Чебоксарах, уникальная чувашская вышивка, хмелевые плантации (регион производит большую часть российского хмеля), Чебоксарская ГЭС, родина Василия Чапаева и космонавта Андрияна Николаева, Мокринский железнодорожный мост. Главные бренды: «Чувашская вышивка» («Паха тĕрĕ»), «Шупашкар», «Чебоксарский хмель», «Акатуй», «Чапаев». Природа: долины Волги и Суры, дубравы, хвойные леса, заповедник «Присурский», национальный парк «Чаваш Вармане», Чебоксарский залив, карстовые озера, Мыс Птичий Полёт. Достопримечательности: Монумент Матери-Покровительницы, Музей вышитой карты России, этнокультурный парк «Сувар», Ибресинский этнографический музей под открытым небом, Чувашский национальный музей. Гастрономия: хуран кукли (вареники с творогом, картофелем или мясом), хуплу (большой круглый пирог с мясом и картофелем), шăрттан (запеченное в тесте мясное блюдо), шÿрпе (наваристый мясной суп), пуремеч (ватрушка с творогом), традиционное чувашское пиво (сăра) и квас. Туризм: этнографический, круизный, экологический, гастрономический и сельский туризм, событийный туризм (фестиваль хмеля). Инфраструктура: аэропорт Чебоксары, железнодорожный узел, федеральные трассы М-7 «Волга» и М-12 «Восток».;"Этнотуризм; Реки и озера; Музеи; Памятники и монументы; Гастрономия; Природные локации; Заповедники; Храмы и крепости; Активный отдых"
Республика Калмыкия;Республика Калмыкия (тип: республика, Поволжский федеральный округ, Поволжский экономический район, центр — Элиста). Площадь 74 731 км², население около 267 000 человек. Расположена на юго-востоке европейской части России, в зоне степей, полупустынь и пустынь. Визитная карточка: Край бескрайних степей, тюльпанов и буддийских святынь: от Золотой обители Будды до поющих барханов и солёных озёр. Чем знаменита: единственный буддийский регион в Европе, хурул «Золотая обитель Будды Шакьямуни», фестиваль тюльпанов, реликтовая антилопа сайгак, крупнейший в России шахматный комплекс Сити-Чесс, калмыцкий эпос «Джангар», озеро Маныч-Гудило. Главные бренды: «Золотая обитель Будды», «Тюльпановая степь», «Сайгак», «Калмыцкий чай», «Сити-Чесс». Этнический колорит: кочевые традиции калмыков (ойратов), буддийская философия, национальный праздник Зул, Цаган Сар, уникальное горловое пение и танцы. Природа: степные просторы, пустыня и полупустыня, река Волга (на небольшом участке), Сарпинские озера, озеро Маныч-Гудило, поющие барханы, заповедник «Черные земли», «Розовое озеро». Достопримечательности: хурул «Золотая обитель Будды Шакьямуни», шахматный городок Сити-Чесс, парк «Дружба» с пагодами, музей кочевых культур, буддийские ступы и молитвенные барабаны (кюрде). Гастрономия: калмыцкий чай (джомба — солёный чай с молоком и маслом), бериги (крупные пельмени), махан (суп из баранины), кюр (баранина, запечённая в земле), борцоки, кумыс, чигян, аржан. Туризм: этнографический, событийный (фестиваль тюльпанов), буддийское паломничество, экологический (наблюдение за сайгаками), шахматный туризм, конные прогулки. Транспорт: аэропорт Элиста, автомобильные трассы на Астрахань, Ставрополь и Волгоград.;"Этнотуризм; Храмы и крепости; Природные локации; Заповедники; Гастрономия; Музеи; Памятники и монументы; Море; Активный отдых"
Астраханская область;Астраханская область (тип: область, Поволжский федеральный округ, Поволжский экономический район, центр — Астрахань). Площадь 49 024 км², население около 970 000 человек. Расположена на юго-востоке европейской части России, в низовьях реки Волги. Визитная карточка: Край лотосов, арбузов и осетров: от белокаменного кремля на Волге до солёных просторов Баскунчака и древних столиц Золотой Орды. Чем знаменита: Астраханский кремль, лотосовые поля в дельте Волги (самые северные в мире), солёное озеро Баскунчак (российское «Мертвое море»), гора Большое Богдо, дельта Волги, Сарай-Бату (реконструкция столицы Золотой Орды), астраханские арбузы, вобла и осетровые. Главные бренды: «Астраханский арбуз», «Рыбная столица», «Каспийский лотос», «Сарай-Бату», «Баскунчак». Природа: дельта Волги, Прикаспийская низменность, полупустыни, озеро Баскунчак, гора Большое Богдо, Астраханский заповедник, ильмени (мелкие озера), песчаные барханы. Достопримечательности: Астраханский кремль (Успенский собор), комплекс Сарай-Бату, Хошеутовский хурул, набережная Волги, Лебединое озеро в Астрахани. Гастрономия: черная икра, осетрина (балык, горячее копчение), вобла, астраханская уха (с дымком), астраханские арбузы (свежие и моченые), плов, бешбармак, баурсаки, лотосовый чай. Туризм: рыболовный (круглогодичный), экологический (наблюдение за птицами и цветением лотоса), круизы по Волге, лечебно-оздоровительный (грязи Баскунчака), культурно-познавательный. Инфраструктура: международный аэропорт Астрахань, морской и речной порты, железнодорожный вокзал, федеральная трасса Р-22 «Каспий».;"Природные локации; Море; Реки и озера; Храмы и крепости; Музеи; Гастрономия; Заповедники; Активный отдых; Памятники и монументы"
Волгоградская область;Волгоградская область (тип: область, Поволжский федеральный округ, Поволжский экономический район, центр — Волгоград). Площадь 112 877 км², население около 2 470 000 человек. Расположена на юго-востоке европейской части России, в нижнем течении Волги. Визитная карточка: Край героической истории, степных просторов и великой русской реки: от легендарного Мамаева кургана до розовых вод Эльтона и цветущих тюльпановых ковров. Чем знаменита: Сталинградская битва, мемориал на Мамаевом кургане и статуя «Родина-мать зовет!», музей-панорама «Сталинградская битва», соленое озеро Эльтон (крупнейшее в Европе), Волго-Донской канал, волгоградские арбузы, горчичная столица — Сарепта, цветение диких тюльпанов в степи. Главные бренды: «Родина-мать», «Сталинград», «Озеро Эльтон», «Сарептская горчица», «Волгоградский арбуз». Природа: долины Волги и Дона, Прикаспийская низменность, степи, соленое озеро Эльтон, природный парк «Щербаковский» (Волжская Швейцария), Волго-Ахтубинская пойма. Достопримечательности: Мамаев курган, музей-панорама «Сталинградская битва», музей-заповедник «Старая Сарепта», Дом Павлова, памятник козе в Урюпинске, шлюзы Волго-Донского канала. Гастрономия: волгоградские арбузы (свежие, моченые), нардек (арбузный мед), сарептская горчица и рыжиковое масло, волжская рыба (лещ, судак, вобла), казачья кухня (каймак, пышки с медом), помидоры открытого грунта. Туризм: патриотический и военно-исторический, круизы по Волге и Дону, рыболовный, лечебно-оздоровительный (грязи Эльтона), экологический (наблюдение за птицами и тюльпанами). Инфраструктура: международный аэропорт Волгоград (Гумрак), железнодорожный узел, речной порт, федеральная трасса Р-22 «Каспий».;"Памятники и монументы; Музеи; Реки и озера; Природные локации; Гастрономия; Санатории; Заповедники; Активный отдых; Храмы и крепости"
Пензенская область;Пензенская область (тип: область, Приволжский федеральный округ, Поволжский экономический район, центр — Пенза). Площадь 43 352 км², население около 1 300 000 человек. Расположена в центре европейской части России, на Приволжской возвышенности. Визитная карточка: Край дворянских усадеб, стекла и хрусталя: от лермонтовских Тархан до живописных берегов Суры и единственного в мире Музея одной картины. Чем знаменита: Государственный лермонтовский музей-заповедник «Тарханы», Никольский завод художественного стекла и хрусталя, Абашевская глиняная игрушка, минеральная вода «Кувака», родина В. Г. Белинского, А. И. Куприна и В. Э. Мейерхольда, скульптура «Пензяк толстопятый». Главные бренды: «Тарханы», «Никольский хрусталь», «Абашевская игрушка», «Кувака», «Пензенское пиво», «Пензенский кондитер». Природа: сочетание лесов и лесостепей, река Сура и её притоки (Пенза, Мокша, Хопёр), Сурское водохранилище, истоки реки Хопёр, заповедник «Приволжская лесостепь», памятник природы «Вадинский бор». Достопримечательности: Музей-заповедник «Тарханы», Музей одной картины им. Г. В. Мясникова, Никольский музей стекла и хрусталя, Троице-Сканов монастырь с пещерным комплексом, музей-усадьба В. Г. Белинского, дом-музей А. И. Куприна, исторический вал Пензенской крепости. Гастрономия: пензенские блины (пшённые и пшеничные), стерлядь и судак из Суры (уха, заливное), мордовские пачаты, абашевские караваи, грибные блюда, мед, минеральная вода «Кувака». Туризм: литературный и культурно-познавательный, паломничество, лечебно-оздоровительный (санатории), событийный (Лермонтовский праздник), экотуризм и активный отдых на воде. Инфраструктура: аэропорт Пенза, железнодорожный узел, федеральные трассы М-5 «Урал» и Р-158.;"Музеи; Памятники и монументы; Храмы и крепости; Реки и озера; Природные локации; Гастрономия; Санатории; Заповедники; Активный отдых"
Самарская область;Самарская область (тип: область, Приволжский федеральный округ, Поволжский экономический район, центр — Самара). Площадь 53 565 км², население около 3 150 000 человек. Расположена на юго-востоке европейской части России, в среднем течении Волги, в уникальном месте — на Самарской Луке. Визитная карточка: Край Жигулёвских гор, Волжской дуги и космической славы: от легендарной Самарской Луки до стартовых площадок «Союзов» и самой длинной набережной в России. Чем знаменита: Жигулёвские горы, национальный парк «Самарская Лука», производство автомобилей «Лада» (АвтоВАЗ), ракетно-космический центр «Прогресс», бункер Сталина, Жигулёвское пиво, Грушинский фестиваль авторской песни, замок Гарибальди в Хрящёвке. Главные бренды: «Жигули», «Самарская Лука», «АвтоВАЗ», «Космическая Самара», «Жигулёвское пиво», «Грушинский фестиваль». Природа: уникальный изгиб Волги (Самарская Лука), Жигулёвские горы, лесостепь, Жигулёвский заповедник имени И. И. Спрыгина, гора Стрельная, Молодецкий курган, Рачейский бор («Каменный лес»). Достопримечательности: Самарская набережная, музей «Самара Космическая» (с подлинной ракетой-носителем «Союз»), бункер Сталина, Иверский монастырь, замок Гарибальди, исторический центр Самары с купеческими особняками, памятник Ил-2. Гастрономия: волжская рыба (вобла, лещ, судак — вяленая и копчёная), уха по-самарски, Жигулёвское пиво, шоколад фабрики «Россия» (Nestle), сыры Самарской Луки, торт «Самара», самарские пряники. Туризм: круизный (по Волге), экологический и активный (Жигулёвская кругосветка, походы в горы), промышленный (туры на АвтоВАЗ), пляжный отдых, событийный и космический туризм. Инфраструктура: международный аэропорт Курумоч, железнодорожный вокзал Самара (самый высокий в Европе), трасса М-5 «Урал», речной порт.;"Природные локации; Реки и озера; Музеи; Памятники и монументы; Гастрономия; Заповедники; Активный отдых; Храмы и крепости; Пляжный отдых"
Саратовская область;Саратовская область (тип: область, Поволжский федеральный округ, Поволжский экономический район, центр — Саратов). Площадь 101 240 км², население около 2 440 000 человек. Расположена на юго-востоке европейской части России, по обоим берегам Волги. Визитная карточка: Край пшеничных калачей, волжских зорь и саратовской гармошки: от легендарного моста через Волгу до гагаринского места приземления и заповедных Хвалынских меловых гор. Чем знаменита: Саратовский калач, саратовская гармошка (с колокольцами), консерватория им. Собинова, мост Саратов-Энгельс, место приземления Юрия Гагарина, утёс Степана Разина, наследие поволжских немцев, Хвалынские меловые горы. Главные бренды: «Саратовский калач», «Саратовская гармонь», «Место приземления Гагарина», «Хвалынские яблоки», «Саратовский мост». Природа: Волга (Волгоградское и Саратовское водохранилища), реки Большой и Малый Иргиз, Хопёр, Медведица, национальный парк «Хвалынский», Кумысная поляна, Хвалынские горы, степные ландшафты Заволжья, меловые скалы. Достопримечательности: Парк покорителей космоса (место приземления Гагарина), Саратовская консерватория, художественный музей им. Радищева, лимонарий, утёс Степана Разина, архитектура немецких поселений (Цюрих, Гнатау), горнолыжный курорт в Хвалынске. Гастрономия: саратовский калач (пшеничный хлеб), волжская стерлядь и судак (уха по-саратовски, заливное), кумыс, пышки с мёдом, хвалынские яблоки и мёд, немецкие колбаски и рулеты. Туризм: круизный (по Волге), космический, культурно-познавательный, экологический, рыболовный, горнолыжный и лечебно-оздоровительный (бальнеология). Инфраструктура: международный аэропорт «Гагарин», железнодорожный узел, речной порт, федеральная трасса Р-228.;"Природные локации; Реки и озера; Музеи; Памятники и монументы; Гастрономия; Храмы и крепости; Санатории; Активный отдых; Пляжный отдых"
Ульяновская область;Ульяновская область (тип: область, Поволжский федеральный округ, Поволжский экономический район, центр — Ульяновск). Площадь 37 181 км², население около 1 200 000 человек. Расположена в центре европейской части России, на обоих берегах Волги (Куйбышевское и Саратовское водохранилища). Визитная карточка: Край Симбирских круч, литературных гениев и авиационной славы: от ленинских кварталов и карамзинской буквы «Ё» до белоснежных Сенгилеевских гор над Волгой. Чем знаменита: Родина В. И. Ленина, музей-заповедник «Родина В. И. Ленина», авиастроительный гигант «Авиастар», Музей истории гражданской авиации (уникальная коллекция самолетов), Сенгилеевские горы, памятник букве «Ё», внедорожники УАЗ, родина И. А. Гончарова и Н. М. Карамзина. Главные бренды: «Родина Ленина», «Авиационная столица», «УАЗ», «Симбирский колобок», «Сенгилеевские горы». Природа: Приволжская возвышенность, Ундоровские горы (минеральные источники и палеонтология), национальный парк «Сенгилеевские горы», Волга, Черемшанский залив, Акшуатский дендропарк. Достопримечательности: Ленинский мемориал, Императорский и Президентский мосты, Музей гражданской авиации, памятник букве «Ё», дом-музей И. А. Гончарова, Ундоровский палеонтологический музей. Гастрономия: симбирский колобок (традиционная выпечка), симбирский курник (многослойный пирог), волжская уха (судак, лещ), рыбные пироги, соленые ундоровские рыжики, минеральная вода «Волжанка», варенье из вишни. Туризм: культурно-познавательный, авиационный и промышленный туризм, литературный, палеонтологический (поиск останков динозавров), круизы по Волге, лечебно-оздоровительный (курорт Ундоры), экотуризм. Инфраструктура: два аэропорта (Ульяновск-Восточный и Ульяновск-Баратаевка), речной порт, железнодорожный узел, трассы А-151 и Р-178.;"Музеи; Памятники и монументы; Природные локации; Реки и озера; Гастрономия; Санатории; Заповедники; Активный отдых; Пляжный отдых"
Брянская область;Брянская область (тип: область, Центральный федеральный округ, Центральный экономический район, центр — Брянск). Площадь 34 857 км², население около 1 132 500 человек. Расположена на западе европейской части России в бассейне реки Десны. Визитная карточка: Край суровых партизанских лесов, древних городов и хрустальных граней: от былинного Чашина кургана до монументальных святынь Покровской горы. Чем знаменита: Дятьковский хрусталь ручной работы, Брянский машиностроительный завод (магистральные тепловозы), мощное партизанское движение в годы Великой Отечественной войны, былинный герой Александр Пересвет, родина поэта Ф. И. Тютчева (Овстуг) и писателя А. К. Толстого (Красный Рог). Главные бренды: «Брянский волк», «Дятьковский хрусталь», кондитерская фабрика «Брянконфи», «Сыр Стародубский». Природа: равнинный ландшафт, биосферный заповедник «Брянский лес» (популяция зубров), река Десна, пойменные дубравы, озера Кожаны и Круглое. Достопримечательности: музей-усадьба Ф. И. Тютчева в Овстуге, литературно-мемориальный музей А. К. Толстого в Красном Роге, Свенский Свято-Успенский монастырь, Покровская гора, археологический комплекс «Чашин курган», Музей Дятьковского хрусталя. Гастрономия: картофельные драники (регион — картофельная житница), блюда из дичи (рябчик, заяц), свекольник по-брянски, вареники и галушки, узвар. Туризм: военно-патриотический, экологический (экотропы), культурно-познавательный, сельский и событийный («Серебряная лира»). Инфраструктура: международный аэропорт Брянск, крупный железнодорожный узел, федеральная трасса М-3 «Украина».;"Музеи; Памятники и монументы; Храмы и крепости; Реки и озера; Природные локации; Гастрономия; Заповедники; Активный отдых; Санатории"
Тверская область;Тверская область (тип: область, Центральный федеральный округ, Центральный экономический район, центр — Тверь). Площадь 84 201 км², население около 1 189 700 человек. Расположена в центре европейской части России, в бассейне Верхней Волги. Визитная карточка: Край истока Волги, древних городов и изысканной архитектуры: от былинных монастырей Старицы до гастрономических шедевров Торжка и «Русской Венеции» — Вышнего Волочка. Чем знаменита: Исток великой реки Волги, озеро Селигер, Императорский путевой дворец в Твери, «тверской козел», Пожарская котлета, торжокское золотное шитье, Калязинская колокольня. Главные бренды: «Исток Волги», «Озеро Селигер», «Пожарские котлеты», «Тверской пряник», «Афанасий Никитин». Природа: Валдайская возвышенность, леса (занимают почти половину территории), реки Волга, Тверца, Медведица, озера Селигер и Удомля, Центрально-Лесной заповедник. Достопримечательности: Императорский путевой дворец, Борисоглебский монастырь в Торжке, усадьба «Знаменское-Раёк», музей А.С. Пушкина в Берново, Ржевский мемориал Советскому солдату. Гастрономия: Пожарские котлеты, тверской пряник, селигерский рыбник (пирог с цельной рыбой), калитки (ржаные пирожки), снетки, лихославльский мармелад. Туризм: круизный (по Волге), экологический (отдых на озерах), гастрономический, паломнический, культурно-познавательный, активный (сплавы, рыбалка). Инфраструктура: ж/д магистраль Москва — Санкт-Петербург, федеральные трассы М-10 «Россия» и М-11 «Нева», речной вокзал.;"Природные локации; Реки и озера; Храмы и крепости; Музеи; Гастрономия; Памятники и монументы; Активный отдых; Заповедники"
Владимирская область;Владимирская область (тип: область, Центральный федеральный округ, Центральный экономический район, центр — Владимир). Площадь 29 084 км², население около 1 310 000 человек. Расположена в центре европейской части России, к востоку от Москвы, в междуречье Волги и Оки. Визитная карточка: Колыбель белокаменной Руси и корона Золотого кольца: от фресок Андрея Рублева до огуречных берегов Суздаля и хрустальных граней Гусь-Хрустального. Чем знаменита: белокаменные памятники домонгольского зодчества (ЮНЕСКО), города Золотого кольца (Владимир, Суздаль), муромские монастыри, родина Ильи Муромца, суздальская медовуха, гусевской хрусталь. Главные бренды: «Белокаменное зодчество», «Суздальская медовуха», «Муромский калач», «Покровский пряник», «Гусевской хрусталь». Природа: равнинный ландшафт, лесные массивы Мещёры, Владимирское Ополье, реки Клязьма, Ока и Нерль, Клязьминско-Лухский заказник. Достопримечательности: Золотые ворота и Успенский собор во Владимире, Храм Покрова на Нерли в Боголюбово, Суздальский Кремль, Музей хрусталя в Гусь-Хрустальном, монастыри Мурома, усадьба Храповицкого в Муромцево. Гастрономия: муромский калач, покровский пряник (имбирный), суздальская медовуха, огуречное варенье, владимирская вишня, гороховецкая тоболка (ватрушка), щука-бургер. Туризм: экскурсионный (Золотое кольцо), паломнический, гастрономический, этнографический, событийный (Праздник Огурца), активный отдых на реках. Инфраструктура: федеральные трассы М-7 «Волга» и М-12 «Восток», скоростные поезда «Ласточка» из Москвы, аэропорт Владимир.;"Храмы и крепости; Музеи; Памятники и монументы; Гастрономия; Природные локации; Заповедники; Реки и озера; Активный отдых"
Ивановская область;Ивановская область (тип: область, Центральный федеральный округ, Центральный экономический район, центр — Иваново). Площадь 21 437 км², население около 898 500 человек. Расположена в центре европейской части России, в междуречье Волги и Клязьмы. Визитная карточка: Край текстильных традиций, лаковых миниатюр и волжских просторов: от авангардного «города невест» до прославленных кистью Палеха и живописных плёсов Левитана. Чем знаменита: Текстильная столица России, Палехская лаковая миниатюра, ивановский ситец, старинные волжские города Плёс и Кинешма, советский архитектурный авангард (конструктивизм). Главные бренды: «Ивановский ситец», «Палехская миниатюра», «Плёс», «Васильевский пряник», «Город невест», «Красный Манчестер». Природа: река Волга (Горьковское водохранилище), реки Клязьма, Теза и Лух, леса (45% территории), озера Рубское и Святое, Клязьминский заказник. Достопримечательности: Музей ивановского ситца, Государственный музей палехского искусства, гора Левитана в Плёсе, колокольня Воскресенского собора в Шуе (вторая по высоте в России), конструктивистская архитектура в Иваново («Дом-корабль», «Дом-подкова»). Гастрономия: решемские пельмени, ивановские чекалы (пироги), васильевский пряник, фритюрный пирог, шуйские ягоды, ремесленные сыры (Грюйер). Туризм: культурно-познавательный (Золотое кольцо), круизы по Волге, гастрономический и паломнический туризм. Инфраструктура: скоростной поезд «Ласточка», федеральная трасса М-7 «Волга», аэропорт Иваново;"Музеи; Памятники и монументы; Храмы и крепости; Реки и озера; Природные локации; Гастрономия; Активный отдых; Пляжный отдых"
Калужская область;Калужская область (тип: область, Центральный федеральный округ, Центральный экономический район, центр — Калуга). Площадь 29 777 км², население 1 066 601 человек. Расположена в центре европейской части России, в бассейнах Оки и Десны. Визитная карточка: Колыбель космонавтики, земля великих стояний и старинных промыслов: от мистических лесов Николо-Ленивца и духовных твердынь Оптиной пустыни до родины Циолковского и знаменитого калужского теста. Чем знаменита: Государственный музей истории космонавтики им. К.Э. Циолковского, Оптина пустынь, арт-парк «Никола-Ленивец», Великое стояние на Угре, первый наукоград Обнинск (первая в мире АЭС). Главные бренды: «Колыбель космонавтики», «Калужское тесто», «Хлудневская игрушка», «Тарусская вышивка», «Арт-парк Никола-Ленивец». Природа: река Ока, Жиздра, Угра, национальный парк «Угра», засечные леса, пойменные озера, холмисто-равнинный ландшафт. Достопримечательности: музей истории космонавтики, усадьба Гончаровых «Полотняный Завод», музей-диорама «Великое Стояние на Угре», парк птиц «Воробьи», дом-музей К.Э. Циолковского. Гастрономия: калужское тесто (десерт из ржаных сухарей, меда и специй), скоблянка по-калужски, хлудневская керамика (промысел), блюда из лесных грибов, яблочная пастила. Туризм: культурно-познавательный, паломнический, арт-туризм, экологический и промышленный туризм. Инфраструктура: международный аэропорт Калуга (Грабцево), скоростные поезда из Москвы, трассы М-3 «Украина» и М-1 «Беларусь».;"Музеи; Памятники и монументы; Храмы и крепости; Реки и озера; Природные локации; Гастрономия; Заповедники; Активный отдых; Пляжный отдых"
Костромская область;Костромская область (тип: область, Центральный федеральный округ, Центральный экономический район, центр — Кострома). Площадь 60 211 км², население 560 800 человек. Расположена в центре европейской части России, в бассейне Верхней Волги. Визитная карточка: Колыбель династии Романовых, родина Снегурочки и сырная столица России: от величавых стен Ипатьевского монастыря до левитановских пейзажей Плёса. Чем знаменита: Ипатьевский монастырь, ювелирная столица России (село Красное-на-Волге), родина Ивана Сусанина и Снегурочки, льняное производство, костромской сыр, чудотворная Феодоровская икона. Главные бренды: «Кострома сырная», «Ювелирная столица», «Снегурочка», «Колыбель Романовых», «Льняная столица». Природа: лесистая местность (67% территории), река Волга, реки Кострома, Унжа и Ветлуга, Галичское и Чухломское озера, Галичско-Чухломская возвышенность. Достопримечательности: Свято-Троицкий Ипатьевский монастырь, музей деревянного зодчества «Костромская слобода», усадьба А.Н. Островского «Щелыково», Пожарная каланча и Торговые ряды в Костроме, Сусанинская площадь. Гастрономия: костромской сыр, зеленые (серые) щи из щаницы, черная четверговая соль, ветошник с рыжиками (пирог), галичская щука, варенье из лесных ягод (морошка, черника). Туризм: культурно-познавательный (Золотое кольцо), паломнический, круизный, событийный (Фестиваль сыра), экотуризм. Инфраструктура: аэропорт Сокеркино, поезда «Ласточка», трасса М-8 «Холмогоры», речной порт.;"Музеи; Храмы и крепости; Реки и озера; Природные локации; Гастрономия; Памятники и монументы; Активный отдых; Пляжный отдых"
Орловская область;"Орловская область (тип: область, Центральный федеральный округ, Центральный экономический район, центр — Орёл). Площадь 24 652 км², население около 685 700 человек. Расположена на юго-западе европейской части России, в центре Среднерусской возвышенности. Визитная карточка: Литературная столица Черноземья, край зубров и тургеневских мотивов: от живописных круч над Орликом до реликтовых дубрав Орловского Полесья. Чем знаменита: Литературное наследие И.С. Тургенева, А.А. Фета, Н.С. Лескова и И.А. Бунина; национальный парк «Орловское Полесье» (зубровый питомник); усадьба «Спасское-Лутовиново»; яблочная и селекционная слава (ВНИИСПК). Главные бренды: «Литературная столица России», «Орловский зубр», «Спасское-Лутовиново», «Мценское кружево», плешковская и чернышенская глиняная игрушка. Природа: холмистая равнина, река Ока (основная артерия), Зуша, Сосна; озера Индовище и Лавровское; широколиственные леса (дуб, береза). Достопримечательности: Музей-заповедник И.С. Тургенева «Спасское-Лутовиново», Музей писателей-орловцев, Богоявленский собор в Орле, Свято-Введенский женский монастырь, здание ж/д вокзала в стиле модерн. Гастрономия: варенье из крыжовника «по-тургеневски», болховская котелка (мясо в горшочке), картофельный колобок с тыквой, гурьевская каша, блюда из папоротника-орляка, мценские пироги. Туризм: литературный, экологический (наблюдение за зубрами), сельский, гастрономический и автотуризм. Инфраструктура: железнодорожный узел (линия Москва — Курск), федеральные трассы М-2 «Крым» и Р-119.";"Музеи; Памятники и монументы; Храмы и крепости; Природные локации; Реки и озера; Гастрономия; Заповедники; Активный отдых"
Рязанская область;Рязанская область (тип: область, Центральный федеральный округ, Центральный экономический район, центр — Рязань). Площадь 39 600 км², население около 1 074 400 человек. Расположена в центре европейской части России, в междуречье Оки и Дона. Визитная карточка: Страна березового ситца, грибов с глазами и есенинской Руси: от величавых стен Рязанского кремля до заповедных лесов Мещёры и родины великого поэта. Чем знаменита: Рязанский кремль, родина Сергея Есенина (Константиново), Мещёрский край, бренд «грибы с глазами», родина И.П. Павлова, город Касимов (сплав русской и татарской культур). Главные бренды: «Есенинская Русь», «Михайловское кружево», «Скопинская керамика», «Кадомский вениз», «Рязанский леденец». Природа: Мещёрская низменность, леса (30% территории), река Ока, Пра, Гусь, более 2800 озёр (Великое, Белое), Окский биосферный заповедник (зубры, журавли). Достопримечательности: ансамбль Рязанского кремля, музей-заповедник С.А. Есенина, Солотчинский Рождественский монастырь, Ханская мечеть в Касимове, памятник грибам с глазами. Гастрономия: калинник (ржаной пирог с калиной), черепенники с грибами, чичи (окрошка на рассоле), кокурки, рязанский леденец, мещёрский сбитень, ягоды Мещёры. Туризм: литературный, культурно-познавательный, активный (водные походы по Пре), экологический и гастрономический. Инфраструктура: федеральная трасса М-5 «Урал», развитое ж/д сообщение с Москвой (200 км), речной транспорт на Оке.;"Музеи; Памятники и монументы; Храмы и крепости; Реки и озера; Природные локации; Гастрономия; Заповедники; Активный отдых"
Смоленская область;"Смоленская область (тип: область, Центральный федеральный округ, Центральный экономический район, центр — Смоленск). Площадь 49 779 км², население около 857 800 человек. Расположена в центре Восточно-Европейской равнины, в верховьях Днепра, Волги и Западной Двины; граничит с Беларусью. Визитная карточка: Щит России и родина великих композиторов: от древних крепостных стен Смоленска до ледниковых озёр и мистических валунов Смоленского Поозерья. Чем знаменита: Смоленская крепостная стена, героическая история войн (1812 и 1941–1945 гг.), родина М.И. Глинки, Н. Пржевальского, П. Нахимова; биосферный резерват ЮНЕСКО «Смоленское Поозерье». Главные бренды: «Смоленская крепостная стена», «Вяземский пряник», «Смоленская вышивка», «Глинка», «Василий Тёркин», «Гнездовский медовый хлеб». Природа: волнистая равнина, исток Днепра, более 160 ледниковых озёр (Сапшо, Чистик), леса (40% территории), национальный парк «Смоленское Поозерье». Достопримечательности: Свято-Успенский кафедральный собор, усадьба А.С. Грибоедова «Хмелита», комплекс «Теремок» (Талашкино), Гнездовские курганы, мемориал «Катынь», дом-музей М.И. Глинки. Гастрономия: смоленская каша (перловка с раками и орехами), вяземский пряник, смоленская смоква, кисель «жур», лапунь (картофель с мясом), гнездовский медовый хлеб. Туризм: военно-исторический, культурно-познавательный, экологический (байдарки в Поозерье), фестивальный и усадебный. Инфраструктура: трасса М-1 «Беларусь», скоростные поезда «Ласточка», отели в Смоленске и Вязьме, базы отдыха в Пржевальском.";"Музеи; Памятники и монументы; Храмы и крепости; Реки и озера; Природные локации; Гастрономия; Заповедники; Активный отдых"
Тульская область;Тульская область (тип: область, Центральный федеральный округ, Центральный экономический район, центр — Тула). Площадь 25 679 км², население около 1 455 900 человек. Расположена в центре европейской части России, в пределах Среднерусской возвышенности. Визитная карточка: Арсенал и пряничная столица России: от легендарной обороны Кремля и усадебных парков Ясной Поляны до ратных полей Куликова и сладких секретов белёвской пастилы. Чем знаменита: Тульский кремль, музей-усадьба Л.Н. Толстого «Ясная Поляна», музей-заповедник «Куликово поле», Тульский государственный музей оружия. Главные бренды: «Тульский пряник», «Тульский самовар», «Белёвская пастила», «Тульское оружие», «Филимоновская игрушка». Природа: полого-волнистая равнина, река Ока (основная), Упа, Дон (исток в области), Красивая Меча, Романцевские горы (Кондуки) с голубыми озёрами, Шиловское озеро. Достопримечательности: Тульский кремль (XVI век), Ясная Поляна, усадьба В.Д. Поленова, Богородицкий дворец-музей и парк, музей-заповедник «Куликово поле». Гастрономия: тульский пряник, белёвская пастила (из печёных яблок), булочка «Венёвка», «Анковский пирог» (по рецепту С.А. Толстой), суворовские конфеты, березовый квас. Туризм: культурно-познавательный, литературный, военно-исторический, гастрономический и промышленный туризм. Инфраструктура: федеральные трассы М-2 «Крым» и М-4 «Дон», скоростные поезда «Ласточка» из Москвы (2-3 часа).;"Музеи; Памятники и монументы; Храмы и крепости; Реки и озера; Природные локации; Гастрономия; Заповедники; Активный отдых"
Ярославская область;Ярославская область (тип: область, Центральный федеральный округ, Центральный экономический район, центр — Ярославль). Площадь 36 177 км², население 1 179 300 человек. Расположена в центре европейской части России, на Верхней Волге. Визитная карточка: Столица Золотого кольца и родина первых русских театров: от фресок Ильи Пророка и тысячелетней истории до рукотворного Рыбинского моря и нежных сыров. Чем знаменита: Исторический центр Ярославля (объект ЮНЕСКО), первый русский общедоступный театр Ф.Г. Волкова, родина Валентины Терешковой, уникальная школа храмового зодчества и настенной живописи XVII века, родина поэта Н. Некрасова. Главные бренды: «Столица Золотого кольца», «Ростовская финифть», «Медвежий край», «Ярославское тесто», «Волжская набережная». Природа: Волга, Рыбинское водохранилище («Рыбинское море»), озера Плещеево и Неро, Дарвинский заповедник, Борисоглебская возвышенность. Достопримечательности: Спасо-Преображенский монастырь, Церковь Ильи Пророка, Ростовский кремль, Угличский кремль, усадьба «Карабиха», музей «Космос». Гастрономия: ярославские ярушки (пельмени с рыбой), курник, стерлядь и судак по-ярославски, щи по-некрасовски, ярославский сбитень, сыр «Грюйер» (Филимоново раздолье), мороженое «Айсберри». Туризм: культурно-познавательный, круизный, событийный («Пир на Волге»), паломнический, активный отдых на воде. Инфраструктура: трассы М-8 «Холмогоры» и Р-132 «Золотое кольцо», аэропорт Туношна, свыше 240 отелей и глэмпингов.;"Музеи; Памятники и монументы; Храмы и крепости; Реки и озера; Природные локации; Гастрономия; Заповедники; Активный отдых"
